,,,,,,,,,,,,,,,,,,,,,,,,,Semester: Spring 2023,
,,,,,,,,,,,DEPARTMENT OF COMPUTER SCIENCE AND ENGINEERING,,,,,,,,,,,,,,,
,,,,,,,,,,,,Class Routine for CSE Program (Day),,,,,,,,,,,,,Version 2.2,
,"Effective From: February 04, 2023",,,,,,,,,,,,,,,,,,,,,,,"Prepared by: Class Routine Committee, Dept. of CSE",,
,,,,,,,,,,,,,Saturday,,,,,,,,,,,,,
,08:30-09:30,,,09:30-10:30,,,10:30-11:30,,,11.30-12:30,,,12:30-01:30,,,01:30-02:30,,,02:30-03:30,,,03:30-04:30,,,04:30-05:30,
Room,Course,Teacher,Room,Course,Teacher,Room,Course,Teacher,Room,Course,Teacher,Room,Course,Teacher,Room,Course,Teacher,Room,Course,Teacher,Room,Course,Teacher,Room,Course,Teacher
AB04-502,,,AB04-502,,,AB04-502,,,AB04-502,,,AB04-502,,,AB04-502,,,AB04-502,,,AB04-502,,,AB04-502,,
(ROBOTICS LAB),,,(ROBOTICS LAB),,,(ROBOTICS LAB),,,(ROBOTICS LAB),,,(ROBOTICS LAB),,,(ROBOTICS LAB),,,(ROBOTICS LAB),,,(ROBOTICS LAB),,,(ROBOTICS LAB),,
AB04-613,,,AB04-613,,,AB04-613,,,AB04-613,,,AB04-613,,,AB04-613,,,AB04-613,,,AB04-613,,,AB04-613,,
(DAFFODIL,,,(DAFFODIL,,,(DAFFODIL,,,(DAFFODIL,,,(DAFFODIL,,,(DAFFODIL,,,(DAFFODIL,,,(DAFFODIL,,,(DAFFODIL,,
ROBOTICS LAB),,,ROBOTICS LAB),,,ROBOTICS LAB),,,ROBOTICS LAB),,,ROBOTICS LAB),,,ROBOTICS LAB),,,ROBOTICS LAB),,,ROBOTICS LAB),,,ROBOTICS LAB),,
AB04-501(A),,,AB04-501(A),,,AB04-501(A),,,AB04-501(A),,,AB04-501(A),,,AB04-501(A),,,AB04-501(A),,,AB04-501(A),,,AB04-501(A),,
,CSE332(57_PC-A),SMTS,,CSE332(57_PC-A),SMTS,,CSE332(57_PC-A),SMTS,,CSE335(57_B),MJA,,CSE335(57_B),MJA,,CSE335(57_B),MJA,,CSE335(56_PC-C2),KMSI,,CSE335(56_PC-C2),KMSI,,CSE335(56_PC-C2),KMSI
(COM LAB),,,(COM LAB),,,(COM LAB),,,(COM LAB),,,(COM LAB),,,(COM LAB),,,(COM LAB),,,(COM LAB),,,(COM LAB),,
AB04-501(B),,,AB04-501(B),,,AB04-501(B),,,AB04-501(B),,,AB04-501(B),,,AB04-501(B),,,AB04-501(B),,,AB04-501(B),,,AB04-501(B),,
,CSE314(58_A),NRC,,CSE314(58_A),NRC,,CSE314(58_A),NRC,,CSE114(64_K),FAF,,CSE114(64_K),FAF,,CSE114(64_K),FAF,,CSE335(56_PC-C1),ASN,,CSE335(56_PC-C1),ASN,,CSE335(56_PC-C1),ASN
(COM LAB),,,(COM LAB),,,(COM LAB),,,(COM LAB),,,(COM LAB),,,(COM LAB),,,(COM LAB),,,(COM LAB),,,(COM LAB),,
AB04-503,,,AB04-503,,,AB04-503,,,AB04-503,,,AB04-503,,,AB04-503,,,AB04-503,,,AB04-503,,,AB04-503,,
,CSE324(58_PC-B),SL,,CSE324(58_PC-B),SL,,CSE324(58_PC-B),SL,,CSE422(55_D),NNM,,CSE422(55_D),NNM,,CSE422(55_D),NNM,,CSE232(59_PC-A),GR,,CSE232(59_PC-A),GR,,CSE232(59_PC-A),GR
(COM LAB),,,(COM LAB),,,(COM LAB),,,(COM LAB),,,(COM LAB),,,(COM LAB),,,(COM LAB),,,(COM LAB),,,(COM LAB),,
AB04-504,,,AB04-504,,,AB04-504,,,AB04-504,,,AB04-504,,,AB04-504,,,AB04-504,,,AB04-504,,,AB04-504,,
,CSE135(63_F),TK,,CSE135(63_F),TK,,CSE135(62_G),FNK,,CSE135(62_G),FNK,,CSE135(63_M),ACC,,CSE135(63_M),ACC,,CSE232(59_PC-C),PDS,,CSE232(59_PC-C),PDS,,CSE232(59_PC-C),PDS
(COM LAB),,,(COM LAB),,,(COM LAB),,,(COM LAB),,,(COM LAB),,,(COM LAB),,,(COM LAB),,,(COM LAB),,,(COM LAB),,
AB04-510,,,AB04-510,,,AB04-510,,,AB04-510,,,AB04-510,,,AB04-510,,,AB04-510,,,AB04-510,,,AB04-510,,
,CSE114(64_I),ATR,,CSE114(64_I),ATR,,CSE114(64_I),ATR,,CSE215(60_PC-F),SS,,CSE215(60_PC-F),SS,,CSE215(60_PC-F),SS,,,,,,,,,
(COM LAB),,,(COM LAB),,,(COM LAB),,,(COM LAB),,,(COM LAB),,,(COM LAB),,,(COM LAB),,,(COM LAB),,,(COM LAB),,
AB04-513,,,AB04-513,,,AB04-513,,,AB04-513,,,AB04-513,,,AB04-513,,,AB04-513,,,AB04-513,,,AB04-513,,
,CSE312(58_PC-A),TFS,,CSE312(58_PC-A),TFS,,CSE312(58_PC-A),TFS,,CSE215(61_P),MUM,,CSE215(61_P),MUM,,,,,,,,,,,,
(COM LAB),,,(COM LAB),,,(COM LAB),,,(COM LAB),,,(COM LAB),,,(COM LAB),,,(COM LAB),,,(COM LAB),,,(COM LAB),,
AB04-514,,,AB04-514,,,AB04-514,,,AB04-514,,,AB04-514,,,AB04-514,,,AB04-514,,,AB04-514,,,AB04-514,,
,CSE114(64_P),KD,,CSE114(64_P),KD,,CSE114(64_P),KD,,CSE135(62_E),NIS,,CSE135(62_E),NIS,,,,,,,,,,,,
(COM LAB),,,(COM LAB),,,(COM LAB),,,(COM LAB),,,(COM LAB),,,(COM LAB),,,(COM LAB),,,(COM LAB),,,(COM LAB),,
AB04-515,,,AB04-515,,,AB04-515,,,AB04-515,,,AB04-515,,,AB04-515,,,AB04-515,,,AB04-515,,,AB04-515,,
,CSE135(62_D),NIS,,CSE135(62_D),NIS,,,,,CSE415(56_PC-A1),FH,,CSE415(56_PC-A1),FH,,CSE415(56_PC-A1),FH,,CSE422(55_PC-D),AAKA,,CSE422(55_PC-D),AAKA,,CSE422(55_PC-D),AAKA
(COM LAB),,,(COM LAB),,,(COM LAB),,,(COM LAB),,,(COM LAB),,,(COM LAB),,,(COM LAB),,,(COM LAB),,,(COM LAB),,
AB04-516,,,AB04-516,,,AB04-516,,,AB04-516,,,AB04-516,,,AB04-516,,,AB04-516,,,AB04-516,,,AB04-516,,
,CSE422(55_PC-I),MSRM,,CSE422(55_PC-I),MSRM,,CSE422(55_PC-I),MSRM,,CSE234(60_PC-G),NJR,,CSE234(60_PC-G),NJR,,CSE234(60_PC-G),NJR,,,,,,,,,
(COM LAB),,,(COM LAB),,,(COM LAB),,,(COM LAB),,,(COM LAB),,,(COM LAB),,,(COM LAB),,,(COM LAB),,,(COM LAB),,
AB04-517(A1),,,AB04-517(A1),,,AB04-517(A1),,,AB04-517(A1),,,AB04-517(A1),,,AB04-517(A1),,,AB04-517(A1),,,AB04-517(A1),,,AB04-517(A1),,
(COM LAB),,,(COM LAB),,,(COM LAB),,,(COM LAB),,,(COM LAB),,,(COM LAB),,,(COM LAB),,,(COM LAB),,,(COM LAB),,
AB04-517(A2),,,AB04-517(A2),,,AB04-517(A2),,,AB04-517(A2),,,AB04-517(A2),,,AB04-517(A2),,,AB04-517(A2),,,AB04-517(A2),,,AB04-517(A2),,
(COM LAB),,,(COM LAB),,,(COM LAB),,,(COM LAB),,,(COM LAB),,,(COM LAB),,,(COM LAB),,,(COM LAB),,,(COM LAB),,
AB04-517(B1),,,AB04-517(B1),,,AB04-517(B1),,,AB04-517(B1),,,AB04-517(B1),,,AB04-517(B1),,,AB04-517(B1),,,AB04-517(B1),,,AB04-517(B1),,
,,,,,,,,,,CSE422(56_C2),MNH,,CSE422(56_C2),MNH,,CSE422(56_C2),MNH,,,,,,,,,
(COM LAB),,,(COM LAB),,,(COM LAB),,,(COM LAB),,,(COM LAB),,,(COM LAB),,,(COM LAB),,,(COM LAB),,,(COM LAB),,
AB04-517(B2),,,AB04-517(B2),,,AB04-517(B2),,,AB04-517(B2),,,AB04-517(B2),,,AB04-517(B2),,,AB04-517(B2),,,AB04-517(B2),,,AB04-517(B2),,
,,,,,,,,,,CSE415(56_C1),TI,,CSE415(56_C1),TI,,CSE415(56_C1),TI,,,,,,,,,
(COM LAB),,,(COM LAB),,,(COM LAB),,,(COM LAB),,,(COM LAB),,,(COM LAB),,,(COM LAB),,,(COM LAB),,,(COM LAB),,
AB04-518,,,AB04-518,,,AB04-518,,,AB04-518,,,AB04-518,,,AB04-518,,,AB04-518,,,AB04-518,,,AB04-518,,
,CSE135(63_C),MZB,,CSE135(63_C),MZB,,,,,CSE312(59_A),AHS,,CSE312(59_A),AHS,,CSE312(59_A),AHS,,,,,,,,,
(COM LAB),,,(COM LAB),,,(COM LAB),,,(COM LAB),,,(COM LAB),,,(COM LAB),,,(COM LAB),,,(COM LAB),,,(COM LAB),,
AB04-811,,,AB04-811,,,AB04-811,,,AB04-811,,,AB04-811,,,AB04-811,,,AB04-811,,,AB04-811,,,AB04-811,,
,CSE415(55_PC-A),SM,,CSE415(55_PC-A),SM,,CSE415(55_PC-A),SM,,CSE415(55_F),JAP,,CSE415(55_F),JAP,,CSE415(55_F),JAP,,CSE422(55_PC-E),MMF,,CSE422(55_PC-E),MMF,,CSE422(55_PC-E),MMF
(COM LAB),,,(COM LAB),,,(COM LAB),,,(COM LAB),,,(COM LAB),,,(COM LAB),,,(COM LAB),,,(COM LAB),,,(COM LAB),,
AB04-812,,,AB04-812,,,AB04-812,,,AB04-812,,,AB04-812,,,AB04-812,,,AB04-812,,,AB04-812,,,AB04-812,,
,CSE415(56_A2),MAIT,,CSE415(56_A2),MAIT,,CSE415(56_A2),MAIT,,CSE415(55_PC-K),NK,,CSE415(55_PC-K),NK,,CSE415(55_PC-K),NK,,,,,,,,,
(COM LAB),,,(COM LAB),,,(COM LAB),,,(COM LAB),,,(COM LAB),,,(COM LAB),,,(COM LAB),,,(COM LAB),,,(COM LAB),,
AB04-813(A),,,AB04-813(A),,,AB04-813(A),,,AB04-813(A),,,AB04-813(A),,,AB04-813(A),,,AB04-813(A),,,AB04-813(A),,,AB04-813(A),,
,CSE422(56_A1),NH,,CSE422(56_A1),NH,,CSE422(56_A1),NH,,,,,,,,,,,,,,,,,,
(COM LAB),,,(COM LAB),,,(COM LAB),,,(COM LAB),,,(COM LAB),,,(COM LAB),,,(COM LAB),,,(COM LAB),,,(COM LAB),,
AB04-814,,,AB04-814,,,AB04-814,,,AB04-814,,,AB04-814,,,AB04-814,,,AB04-814,,,AB04-814,,,AB04-814,,
,Booked for ACM,,,Booked for ACM,,,Booked for ACM,,,CSE335(56_PC-A2),ASN,,CSE335(56_PC-A2),ASN,,CSE335(56_PC-A2),ASN,,Booked for ACM,,,Booked for ACM,,,Booked for ACM,
(COM LAB),,,(COM LAB),,,(COM LAB),,,(COM LAB),,,(COM LAB),,,(COM LAB),,,(COM LAB),,,(COM LAB),,,(COM LAB),,
AB02-301,,,AB02-301,,,AB02-301,,,AB02-301,,,AB02-301,,,AB02-301,,,AB02-301,,,AB02-301,,,AB02-301,,
(PHY LAB),,,(PHY LAB),,,(PHY LAB),,,(PHY LAB),,,(PHY LAB),,,(PHY LAB),,,(PHY LAB),,,(PHY LAB),,,(PHY LAB),,
AB02-302,,,AB02-302,,,AB02-302,,,AB02-302,,,AB02-302,,,AB02-302,,,AB02-302,,,AB02-302,,,AB02-302,,
(PHY LAB),,,(PHY LAB),,,(PHY LAB),,,(PHY LAB),,,(PHY LAB),,,(PHY LAB),,,(PHY LAB),,,(PHY LAB),,,(PHY LAB),,
AB04-815,,,AB04-815,,,AB04-815,,,AB04-815,,,AB04-815,,,AB04-815,,,AB04-815,,,AB04-815,,,AB04-815,,
(PHY LAB),,,(PHY LAB),,,(PHY LAB),,,(PHY LAB),,,(PHY LAB),,,(PHY LAB),,,(PHY LAB),,,(PHY LAB),,,(PHY LAB),,
AB04-816,,,AB04-816,,,AB04-816,,,AB04-816,,,AB04-816,,,AB04-816,,,AB04-816,,,AB04-816,,,AB04-816,,
(PHY LAB),,,(PHY LAB),,,(PHY LAB),,,(PHY LAB),,,(PHY LAB),,,(PHY LAB),,,(PHY LAB),,,(PHY LAB),,,(PHY LAB),,
,,,,,,,,,,,,,CSE124(63_F)+CSE124,,,,,,,,,,,,,
AB04-201,CSE235(60_PC-F),SH,AB04-201,CSE214(60_PC-F),SS,AB04-201,,,AB04-201,CSE214(61_X),LI,AB04-201,,MRI,AB04-201,GED131(63_F),MSS,AB04-201,,,AB04-201,,,AB04-201,,
,,,,,,,,,,,,,(63_G),,,,,,,,,,,,,
AB04-208,ECO321(57_B),SMR,AB04-208,CSE325(57_B),AS,AB04-208,CSE411(56_PC-A),MIN,AB04-208,CSE112(64_I),MT,AB04-208,CSE336(56_A),MUH,AB04-208,CSE321(57_PC-A),ZH,AB04-208,,,AB04-208,,,AB04-208,,
AB04-213,MAT101(64_M),KK,AB04-213,CSE112(64_M),MIS,AB04-213,ENG101(64_M),MH,AB04-213,CSE325(57_PC-A),MM,AB04-213,CSE112(64_P),SM,AB04-213,CSE325(57_PC-B),MM,AB04-213,CSE321(57_PC-B),ZH,AB04-213,,,AB04-213,,
AB04-216,CSE333(56_C),AS,AB04-216,CSE411(56_C),MIN,AB04-216,GED216(61_X),MKS,AB04-216,CSE134(63_M),ACC,AB04-216,GED216(61_H),NHA,AB04-216,CSE421(56_PC-C),NH,AB04-216,ENG101(64_K),MH,AB04-216,,,AB04-216,,
AB04-217,CSE212(61_F),SMC,AB04-217,CSE225(61_X),SH,AB04-217,GED216(61_F),NHA,AB04-217,CSE325(57_A),AS,AB04-217,ECO321(57_A),SMR,AB04-217,CSE321(57_A),ATR,AB04-217,GED216(61_M),AAM*,AB04-217,MAT211(61_M),SD,AB04-217,,
AB04-218,GED216(61_N),AAM*,AB04-218,MAT211(61_G),PD,AB04-218,CSE212(61_I),MMIM,AB04-218,CSE134(63_E),MZB,AB04-218,CSE235(59_PC-B),ZMK,AB04-218,MAT211(61_H),PD,AB04-218,CSE214(61_Q),MUM,AB04-218,CSE225(61_Q),MDSH,AB04-218,,
AB04-219,ENG101(64_N),MH,AB04-219,CSE112(64_N),TI,AB04-219,MAT101(64_N),KK,AB04-219,CSE115(64_M),TA,AB04-219,MAT121(63_A),SP,AB04-219,GED216(61_E),RB,AB04-219,MAT211(61_E),MAH*,AB04-219,,,AB04-219,,
,,,,,,,,,,,,,,,,CSE124(63_D)+CSE124,,,,,,,,,,
AB04-220,,,AB04-220,CSE212(61_N),NAA,AB04-220,MAT121(63_E),SP,AB04-220,MAT211(61_L),PD,AB04-220,CSE212(61_B),MB,AB04-220,,KMSI,AB04-220,ENG123(63_L),RS,AB04-220,,,AB04-220,,
,,,,,,,,,,,,,,,,(63_E),,,,,,,,,,
AB04-221,GED216(61_P),AI,AB04-221,MAT211(61_P),SD,AB04-221,MAT101(64_R),MMH*,AB04-221,ENG101(64_R),NAP,AB04-221,CSE113(64_R),KD,AB04-221,GED216(61_O),AAM*,AB04-221,CSE131(63_E),FNK,AB04-221,CSE132(63_E),MSS,AB04-221,,
AB04-222,GED216(61_Y),MKS,AB04-222,CSE214(61_Y),UH,AB04-222,CSE124(63_H),MRI,AB04-222,MAT211(61_Y),YA,AB04-222,CSE134(63_D),MZB,AB04-222,ENG123(63_G),MA*,AB04-222,MAT121(63_D),SP,AB04-222,GED131(63_D),TRN,AB04-222,,
AB04-223,CSE132(63_P),MNF,AB04-223,MAT121(63_P),FAM,AB04-223,ENG123(63_P),ZF,AB04-223,ENG123(63_H),MA*,AB04-223,CSE134(63_P),MJZ,AB04-223,CSE124(63_P),MRI,AB04-223,MAT211(61_O),SD,AB04-223,CSE214(61_O),LI,AB04-223,CSE212(61_O),NAA
AB04-224,,,AB04-224,CSE212(61_L),ZHZ,AB04-224,GED216(61_L),AAM*,AB04-224,CSE414(56_B),MAMR,AB04-224,CSE421(56_B),NH,AB04-224,CSE411(56_B),MIN,AB04-224,CSE336(56_B),MUH,AB04-224,,,AB04-224,,
AB04-302,,,AB04-302,MAT101(64_K),MSA*,AB04-302,CSE414(55_PC-R),NK,AB04-302,CSE421(55_PC-R),MSRM,AB04-302,CSE423(55_PC-R),MMRN,AB04-302,CSE132(63_L),OI,AB04-302,CSE311(58_PC-A),TFS,AB04-302,MAT121(63_L),SS*,AB04-302,CSE131(63_L),UA
AB04-303,,,AB04-303,CSE414(55_H),JAP,AB04-303,CSE423(55_H),DAA,AB04-303,CSE423(55_H),DAA,AB04-303,CSE421(55_PC-A),MNH,AB04-303,CSE423(55_I),DAA,AB04-303,CSE423(55_I),DAA,AB04-303,CSE421(55_I),MNH,AB04-303,,
AB04-304,CSE214(60_PC-G),SS,AB04-304,CSE223(60_PC-G),DS,AB04-304,CSE235(60_PC-B),MZI,AB04-304,CSE311(59_PC-C),FKM,AB04-304,CSE225(61_E),AM,AB04-304,GED131(63_A),MNF,AB04-304,MAT211(61_U),MR,AB04-304,CSE225(61_U),MA,AB04-304,CSE212(61_U),MMRN
AB04-305,ENG123(63_J),MA*,AB04-305,CSE132(63_J),OI,AB04-305,CSE134(63_J),TK,AB04-305,CSE225(60_PC-B),NRC,AB04-305,CSE223(60_PC-B),ARS,AB04-305,GED216(61_J),NHA,AB04-305,STA221(60_PC-B),DMKH,AB04-305,CSE336(56_PC-A),KD,AB04-305,,
AB04-306,,,AB04-306,CSE334(57_PC-B),MJA,AB04-306,CSE113(64_L),FAF,AB04-306,CSE331(57_PC-B),SMTS,AB04-306,MAT211(61_C),MAH*,AB04-306,CSE225(61_C),AM,AB04-306,GED216(61_C),RB,AB04-306,CSE212(61_C),MB,AB04-306,,
AB04-307,,,AB04-307,CSE115(64_L),TA,AB04-307,ECO321(57_PC-B),SMR,AB04-307,CSE131(62_B),SR,AB04-307,MAT211(62_B),BCD,AB04-307,CSE236(59_PC-B),TA,AB04-307,CSE237(59_PC-B),LI,AB04-307,CSE311(59_PC-B),FKM,AB04-307,,
AB04-318(A),GED216(61_B),RB,AB04-318(A),MAT211(61_B),MAH*,AB04-318(A),CSE225(61_B),AM,AB04-318(A),MAT101(64_H),MSA*,AB04-318(A),CSE311(58_PC-B),TFS,AB04-318(A),ECO321(58_PC-B),SMR,AB04-318(A),CSE225(61_W),MA,AB04-318(A),GED216(61_W),MKS,AB04-318(A),MAT211(61_W),MR
AB04-318(B),CSE132(63_M),OI,AB04-318(B),CSE131(63_M),NJR,AB04-318(B),CSE214(61_G),FHN,AB04-318(B),CSE317(58_A),PDS,AB04-318(B),STA221(60_PC-C),AST,AB04-318(B),CSE223(60_PC-C),ARS,AB04-318(B),CSE235(60_PC-C),MZI,AB04-318(B),,,AB04-318(B),,
AB04-320,ENG123(63_N),RS,AB04-320,CSE132(63_N),MNF,AB04-320,CSE134(63_N),ACC,AB04-320,CSE112(64_L),ZMK,AB04-320,MAT121(63_N),FAM,AB04-320,GED131(63_N),MMA,AB04-320,CSE214(61_H),FHN,AB04-320,,,AB04-320,,
,,,,,,,,,,,,,CSE124(63_B)+CSE124,,,,,,,,,,,,,
AB04-801,,,AB04-801,CSE131(63_A),MUM,AB04-801,CSE132(63_A),MAH,AB04-801,CSE225(61_Z),SH,AB04-801,,GR,AB04-801,CSE132(63_C),MAH,AB04-801,,,AB04-801,,,AB04-801,,
,,,,,,,,,,,,,(63_C),,,,,,,,,,,,,
AB04-802,MAT211(62_C),BCD,AB04-802,CSE131(62_C),SR,AB04-802,CSE214(61_Z),MT,AB04-802,GED216(61_A),RB,AB04-802,CSE421(55_PC-F),MMF,AB04-802,CSE423(55_PC-F),MSHN,AB04-802,CSE414(55_PC-F),RKR,AB04-802,CSE235(59_A),ZMK,AB04-802,CSE236(59_A),SCH
AB04-803,GED216(61_Z),SAR,AB04-803,MAT211(61_Z),YA,AB04-803,CSE212(61_E),SMC,AB04-803,CSE414(55_PC-E),RKR,AB04-803,MAT121(63_H),SS*,AB04-803,CSE212(61_P),NAA,AB04-803,CSE132(62_E),UH,AB04-803,CSE414(56_C),RKR,AB04-803,,
AB04-804,PHY101(64_H),SHA,AB04-804,CSE423(55_F),MUH,AB04-804,CSE132(63_F),MSHN,AB04-804,CSE313(58_PC-A),MIS,AB04-804,CSE235(60_A),MZI,AB04-804,CSE131(62_E),SR,AB04-804,CSE411(55_D),RHK,AB04-804,,,AB04-804,,
AB04-813(B),CSE212(61_S),MJZ,AB04-813(B),MAT211(61_S),MR,AB04-813(B),CSE225(61_S),GR,AB04-813(B),CSE423(55_PC-I),MSHN,AB04-813(B),CSE323(58_PC-A),SL,AB04-813(B),CSE311(59_PC-A),FKM,AB04-813(B),CSE423(55_PC-K),MMRN,AB04-813(B),,,AB04-813(B),,
AB04-1404,,,AB04-1404,ENG101(64_H),AJS,AB04-1404,ENG123(63_O),RS,AB04-1404,GED131(63_O),MMA,AB04-1404,CSE132(63_O),MNF,AB04-1404,CSE313(58_A),MIS,AB04-1404,,,AB04-1404,,,AB04-1404,,
,,,,,,,,,,,"Lab (Electrical Circuit, Digital Electronics, Electronic Devices, and Circuits Lab)",,,,,,,,,,,,,,,
,08:30-09:30,,,09:30-10:30,,,10:30-11:30,,,11.30-12:30,,,12:30-01:30,,,01:30-02:30,,,02:30-03:30,,,03:30-04:30,,,04:30-05:30,
AB04-809,CSE213(61_A),MB,AB04-809,CSE213(61_A),MB,AB04-809,CSE213(61_A),MB,AB04-809,CSE133(62_D),UH,AB04-809,CSE133(62_D),UH,AB04-809,CSE133(62_G),UA,AB04-809,CSE133(62_G),UA,AB04-809,CSE133(63_B),MAH,AB04-809,CSE133(63_B),MAH
AB04-810,CSE224(60_A),ARS,AB04-810,CSE224(60_A),ARS,AB04-810,CSE224(60_A),ARS,AB04-810,CSE213(61_I),MMIM,AB04-810,CSE213(61_I),MMIM,AB04-810,CSE213(61_I),MMIM,AB04-810,CSE213(62_B),DBZ,AB04-810,CSE213(62_B),DBZ,AB04-810,CSE213(62_B),DBZ
AB03-103,Occupied by ICE,,AB03-103,Occupied by ICE,,AB03-103,,,AB03-103,,,AB03-103,Occupied by ICE,,AB03-103,Occupied by ICE,,AB03-103,CSE213(61_J),MMIM,AB03-103,CSE213(61_J),MMIM,AB03-103,CSE213(61_J),MMIM
EC-106,Occupied by EEE,,EC-106,Occupied by EEE,,EC-106,Occupied by EEE,,EC-106,Occupied by EEE,,EC-106,Occupied by EEE,,EC-106,Occupied by EEE,,EC-106,Occupied by EEE,,EC-106,Occupied by EEE,,EC-106,Occupied by EEE,
LAB-TBA1,,,LAB-TBA1,,,LAB-TBA1,,,LAB-TBA1,,,LAB-TBA1,,,LAB-TBA1,,,LAB-TBA1,CSE133(63_G),MSHN,LAB-TBA1,CSE133(63_G),MSHN,LAB-TBA1,,
,,,,,,,,,,,,,Sunday,,,,,,,,,,,,,
,08:30-09:30,,,09:30-10:30,,,10:30-11:30,,,11.30-12:30,,,12:30-01:30,,,01:30-02:30,,,02:30-03:30,,,03:30-04:30,,,04:30-05:30,
Room,Course,Teacher,Room,Course,Teacher,Room,Course,Teacher,Room,Course,Teacher,Room,Course,Teacher,Room,Course,Teacher,Room,Course,Teacher,Room,Course,Teacher,Room,Course,Teacher
AB04-502,,,AB04-502,,,AB04-502,,,AB04-502,,,AB04-502,,,AB04-502,,,AB04-502,,,AB04-502,,,AB04-502,,
(ROBOTICS LAB),,,(ROBOTICS LAB),,,(ROBOTICS LAB),,,(ROBOTICS LAB),,,(ROBOTICS LAB),,,(ROBOTICS LAB),,,(ROBOTICS LAB),,,(ROBOTICS LAB),,,(ROBOTICS LAB),,
AB04-613,,,AB04-613,,,AB04-613,,,AB04-613,,,AB04-613,,,AB04-613,,,AB04-613,,,AB04-613,,,AB04-613,,
(DAFFODIL,CSE426(54_A),MHI,(DAFFODIL,,,(DAFFODIL,CSE426(54_B),MHI,(DAFFODIL,,,(DAFFODIL,CSE426(54_PC-A),MHI,(DAFFODIL,,,(DAFFODIL,,,(DAFFODIL,,,(DAFFODIL,,
ROBOTICS LAB),,,ROBOTICS LAB),,,ROBOTICS LAB),,,ROBOTICS LAB),,,ROBOTICS LAB),,,ROBOTICS LAB),,,ROBOTICS LAB),,,ROBOTICS LAB),,,ROBOTICS LAB),,
AB04-501(A),,,AB04-501(A),,,AB04-501(A),,,AB04-501(A),,,AB04-501(A),,,AB04-501(A),,,AB04-501(A),,,AB04-501(A),,,AB04-501(A),,
,CSE332(57_A),SMTS,,CSE332(57_A),SMTS,,CSE332(57_A),SMTS,,CSE332(57_B),SMTS,,CSE332(57_B),SMTS,,CSE332(57_B),SMTS,,CSE415(56_PC-C1),FH,,CSE415(56_PC-C1),FH,,CSE415(56_PC-C1),FH
(COM LAB),,,(COM LAB),,,(COM LAB),,,(COM LAB),,,(COM LAB),,,(COM LAB),,,(COM LAB),,,(COM LAB),,,(COM LAB),,
AB04-501(B),,,AB04-501(B),,,AB04-501(B),,,AB04-501(B),,,AB04-501(B),,,AB04-501(B),,,AB04-501(B),,,AB04-501(B),,,AB04-501(B),,
,CSE314(58_B),NRC,,CSE314(58_B),NRC,,CSE314(58_B),NRC,,CSE114(64_B),SRH,,CSE114(64_B),SRH,,CSE114(64_B),SRH,,CSE215(61_D),MHIM,,CSE215(61_D),MHIM,,,
(COM LAB),,,(COM LAB),,,(COM LAB),,,(COM LAB),,,(COM LAB),,,(COM LAB),,,(COM LAB),,,(COM LAB),,,(COM LAB),,
AB04-503,,,AB04-503,,,AB04-503,,,AB04-503,,,AB04-503,,,AB04-503,,,AB04-503,,,AB04-503,,,AB04-503,,
,CSE234(60_PC-C),SAK,,CSE234(60_PC-C),SAK,,CSE234(60_PC-C),SAK,,CSE422(55_A),NNM,,CSE422(55_A),NNM,,CSE422(55_A),NNM,,CSE312(58_PC-C),AHS,,CSE312(58_PC-C),AHS,,CSE312(58_PC-C),AHS
(COM LAB),,,(COM LAB),,,(COM LAB),,,(COM LAB),,,(COM LAB),,,(COM LAB),,,(COM LAB),,,(COM LAB),,,(COM LAB),,
AB04-504,,,AB04-504,,,AB04-504,,,AB04-504,,,AB04-504,,,AB04-504,,,AB04-504,,,AB04-504,,,AB04-504,,
,CSE135(63_J),TK,,CSE135(63_J),TK,,CSE215(61_A),MM,,CSE215(61_A),MM,,CSE135(63_D),MZB,,CSE135(63_D),MZB,,CSE314(58_PC-B),MIS,,CSE314(58_PC-B),MIS,,CSE314(58_PC-B),MIS
(COM LAB),,,(COM LAB),,,(COM LAB),,,(COM LAB),,,(COM LAB),,,(COM LAB),,,(COM LAB),,,(COM LAB),,,(COM LAB),,
AB04-510,,,AB04-510,,,AB04-510,,,AB04-510,,,AB04-510,,,AB04-510,,,AB04-510,,,AB04-510,,,AB04-510,,
,CSE324(58_PC-A),SL,,CSE324(58_PC-A),SL,,CSE324(58_PC-A),SL,,CSE114(64_E),SI,,CSE114(64_E),SI,,CSE114(64_E),SI,,CSE114(64_O),NB,,CSE114(64_O),NB,,CSE114(64_O),NB
(COM LAB),,,(COM LAB),,,(COM LAB),,,(COM LAB),,,(COM LAB),,,(COM LAB),,,(COM LAB),,,(COM LAB),,,(COM LAB),,
AB04-513,,,AB04-513,,,AB04-513,,,AB04-513,,,AB04-513,,,AB04-513,,,AB04-513,,,AB04-513,,,AB04-513,,
,CSE135(63_A),MSA,,CSE135(63_A),MSA,,CSE135(62_C),NIS,,CSE135(62_C),NIS,,CSE215(61_M),HJ,,CSE215(61_M),HJ,,CSE312(59_PC-A),FKM,,CSE312(59_PC-A),FKM,,CSE312(59_PC-A),FKM
(COM LAB),,,(COM LAB),,,(COM LAB),,,(COM LAB),,,(COM LAB),,,(COM LAB),,,(COM LAB),,,(COM LAB),,,(COM LAB),,
AB04-514,,,AB04-514,,,AB04-514,,,AB04-514,,,AB04-514,,,AB04-514,,,AB04-514,,,AB04-514,,,AB04-514,,
,CSE234(59_PC-C),FF,,CSE234(59_PC-C),FF,,CSE234(59_PC-C),FF,,CSE114(64_M),MUR,,CSE114(64_M),MUR,,CSE114(64_M),MUR,,CSE415(55_PC-L),NK,,CSE415(55_PC-L),NK,,CSE415(55_PC-L),NK
(COM LAB),,,(COM LAB),,,(COM LAB),,,(COM LAB),,,(COM LAB),,,(COM LAB),,,(COM LAB),,,(COM LAB),,,(COM LAB),,
AB04-515,,,AB04-515,,,AB04-515,,,AB04-515,,,AB04-515,,,AB04-515,,,AB04-515,,,AB04-515,,,AB04-515,,
,CSE415(55_B),SNA,,CSE415(55_B),SNA,,CSE415(55_B),SNA,,CSE135(63_O),ABA,,CSE135(63_O),ABA,,CSE215(61_K),AAM,,CSE215(61_K),AAM,,,,,,
(COM LAB),,,(COM LAB),,,(COM LAB),,,(COM LAB),,,(COM LAB),,,(COM LAB),,,(COM LAB),,,(COM LAB),,,(COM LAB),,
AB04-516,,,AB04-516,,,AB04-516,,,AB04-516,,,AB04-516,,,AB04-516,,,AB04-516,,,AB04-516,,,AB04-516,,
,CSE316(58_A),MIJ,,CSE316(58_A),MIJ,,CSE316(58_A),MIJ,,CSE215(60_PC-G),SS,,CSE215(60_PC-G),SS,,CSE215(60_PC-G),SS,,CSE422(55_PC-C),AAKA,,CSE422(55_PC-C),AAKA,,CSE422(55_PC-C),AAKA
(COM LAB),,,(COM LAB),,,(COM LAB),,,(COM LAB),,,(COM LAB),,,(COM LAB),,,(COM LAB),,,(COM LAB),,,(COM LAB),,
AB04-517(A1),,,AB04-517(A1),,,AB04-517(A1),,,AB04-517(A1),,,AB04-517(A1),,,AB04-517(A1),,,AB04-517(A1),,,AB04-517(A1),,,AB04-517(A1),,
,,,,,,,,,,CSE422(56_PC-A2),IJN,,CSE422(56_PC-A2),IJN,,CSE422(56_PC-A2),IJN,,,,,,,,,
(COM LAB),,,(COM LAB),,,(COM LAB),,,(COM LAB),,,(COM LAB),,,(COM LAB),,,(COM LAB),,,(COM LAB),,,(COM LAB),,
AB04-517(A2),,,AB04-517(A2),,,AB04-517(A2),,,AB04-517(A2),,,AB04-517(A2),,,AB04-517(A2),,,AB04-517(A2),,,AB04-517(A2),,,AB04-517(A2),,
,,,,,,,,,,CSE335(56_PC-A1),ASN,,CSE335(56_PC-A1),ASN,,CSE335(56_PC-A1),ASN,,,,,,,,,
(COM LAB),,,(COM LAB),,,(COM LAB),,,(COM LAB),,,(COM LAB),,,(COM LAB),,,(COM LAB),,,(COM LAB),,,(COM LAB),,
AB04-517(B1),,,AB04-517(B1),,,AB04-517(B1),,,AB04-517(B1),,,AB04-517(B1),,,AB04-517(B1),,,AB04-517(B1),,,AB04-517(B1),,,AB04-517(B1),,
(COM LAB),,,(COM LAB),,,(COM LAB),,,(COM LAB),,,(COM LAB),,,(COM LAB),,,(COM LAB),,,(COM LAB),,,(COM LAB),,
AB04-517(B2),,,AB04-517(B2),,,AB04-517(B2),,,AB04-517(B2),,,AB04-517(B2),,,AB04-517(B2),,,AB04-517(B2),,,AB04-517(B2),,,AB04-517(B2),,
(COM LAB),,,(COM LAB),,,(COM LAB),,,(COM LAB),,,(COM LAB),,,(COM LAB),,,(COM LAB),,,(COM LAB),,,(COM LAB),,
AB04-518,,,AB04-518,,,AB04-518,,,AB04-518,,,AB04-518,,,AB04-518,,,AB04-518,,,AB04-518,,,AB04-518,,
,CSE335(56_A2),MHD,,CSE335(56_A2),MHD,,CSE335(56_A2),MHD,,CSE215(61_H),FHN,,CSE215(61_H),FHN,,CSE215(61_Y),UH,,CSE215(61_Y),UH,,,,,,
(COM LAB),,,(COM LAB),,,(COM LAB),,,(COM LAB),,,(COM LAB),,,(COM LAB),,,(COM LAB),,,(COM LAB),,,(COM LAB),,
AB04-811,,,AB04-811,,,AB04-811,,,AB04-811,,,AB04-811,,,AB04-811,,,AB04-811,,,AB04-811,,,AB04-811,,
,,,,CSE215(61_O),LI,,CSE215(61_O),LI,,CSE415(55_PC-B),SM,,CSE415(55_PC-B),SM,,CSE415(55_PC-B),SM,,CSE422(56_PC-C2),NH,,CSE422(56_PC-C2),NH,,CSE422(56_PC-C2),NH
(COM LAB),,,(COM LAB),,,(COM LAB),,,(COM LAB),,,(COM LAB),,,(COM LAB),,,(COM LAB),,,(COM LAB),,,(COM LAB),,
AB04-812,,,AB04-812,,,AB04-812,,,AB04-812,,,AB04-812,,,AB04-812,,,AB04-812,,,AB04-812,,,AB04-812,,
,CSE415(56_A1),MAIT,,CSE415(56_A1),MAIT,,CSE415(56_A1),MAIT,,CSE232(59_B),PDS,,CSE232(59_B),PDS,,CSE232(59_B),PDS,,,,,,,,,
(COM LAB),,,(COM LAB),,,(COM LAB),,,(COM LAB),,,(COM LAB),,,(COM LAB),,,(COM LAB),,,(COM LAB),,,(COM LAB),,
AB04-813(A),,,AB04-813(A),,,AB04-813(A),,,AB04-813(A),,,AB04-813(A),,,AB04-813(A),,,AB04-813(A),,,AB04-813(A),,,AB04-813(A),,
,,,,CSE215(61_E),MFHN,,CSE215(61_E),MFHN,,CSE415(55_E),JAP,,CSE415(55_E),JAP,,CSE415(55_E),JAP,,,,,,,,,
(COM LAB),,,(COM LAB),,,(COM LAB),,,(COM LAB),,,(COM LAB),,,(COM LAB),,,(COM LAB),,,(COM LAB),,,(COM LAB),,
AB04-814,,,AB04-814,,,AB04-814,,,AB04-814,,,AB04-814,,,AB04-814,,,AB04-814,,,AB04-814,,,AB04-814,,
,CSE422(55_G),TRA,,CSE422(55_G),TRA,,CSE422(55_G),TRA,,CSE215(61_V),NIB,,CSE215(61_V),NIB,,Booked for ACM,,,Booked for ACM,,,Booked for ACM,,,Booked for ACM,
(COM LAB),,,(COM LAB),,,(COM LAB),,,(COM LAB),,,(COM LAB),,,(COM LAB),,,(COM LAB),,,(COM LAB),,,(COM LAB),,
AB02-301,,,AB02-301,,,AB02-301,,,AB02-301,,,AB02-301,,,AB02-301,,,AB02-301,,,AB02-301,,,AB02-301,,
(PHY LAB),,,(PHY LAB),,,(PHY LAB),,,(PHY LAB),,,(PHY LAB),,,(PHY LAB),,,(PHY LAB),,,(PHY LAB),,,(PHY LAB),,
AB02-302,,,AB02-302,,,AB02-302,,,AB02-302,,,AB02-302,,,AB02-302,,,AB02-302,,,AB02-302,,,AB02-302,,
(PHY LAB),,,(PHY LAB),,,(PHY LAB),,,(PHY LAB),,,(PHY LAB),,,(PHY LAB),,,(PHY LAB),,,(PHY LAB),,,(PHY LAB),,
AB04-815,,,AB04-815,,,AB04-815,,,AB04-815,,,AB04-815,,,AB04-815,,,AB04-815,,,AB04-815,,,AB04-815,,
(PHY LAB),,,(PHY LAB),,,(PHY LAB),,,(PHY LAB),,,(PHY LAB),,,(PHY LAB),,,(PHY LAB),,,(PHY LAB),,,(PHY LAB),,
AB04-816,,,AB04-816,,,AB04-816,,,AB04-816,,,AB04-816,,,AB04-816,,,AB04-816,,,AB04-816,,,AB04-816,,
(PHY LAB),,,(PHY LAB),,,(PHY LAB),,,(PHY LAB),,,(PHY LAB),,,(PHY LAB),,,(PHY LAB),,,(PHY LAB),,,(PHY LAB),,
,,,,,,,,,,,,,,,,CSE124(63_J)+CSE124,,,,,,CSE226(60_PC-B)+CSE226,,,,
AB04-201,CSE214(61_I),FHE,AB04-201,GED216(61_I),NHA,AB04-201,MAT211(61_I),PD,AB04-201,ENG123(63_E),SML,AB04-201,CSE225(61_I),IN,AB04-201,,MRI,AB04-201,GED131(63_J),NT,AB04-201,,HJ,AB04-201,,
,,,,,,,,,,,,,,,,(63_K),,,,,,(60_PC-C),,,,
AB04-208,PHY101(64_F),MRRM,AB04-208,CSE498(54_A),FZA,AB04-208,CSE134(63_A),MSA,AB04-208,CSE326(57_PC-A),MSA,AB04-208,CSE323(57_PC-A),MSZ,AB04-208,CSE334(57_PC-A),MJA,AB04-208,PHY101(64_B),MRRM,AB04-208,CSE132(63_G),MSHN,AB04-208,Occupied for evening classes,
AB04-213,CSE321(57_B),KMM,AB04-213,CSE326(57_B),MM,AB04-213,CSE423(54_A),DTB,AB04-213,CSE427(54_A),MAHN,AB04-213,CSE423(54_B),DTB,AB04-213,MAT101(64_D),MPL,AB04-213,CSE113(64_D),ZA,AB04-213,ENG101(64_D),KN,AB04-213,,
AB04-216,CSE132(63_D),MAH,AB04-216,ENG123(63_D),SML,AB04-216,CSE131(63_D),AAKN,AB04-216,CSE131(63_J),MHM,AB04-216,MAT121(63_J),SS*,AB04-216,MAT211(61_G),PD,AB04-216,ECO321(57_PC-A),SMR,AB04-216,CSE225(61_M),PDS,AB04-216,,
AB04-217,CSE225(61_T),MA,AB04-217,CSE212(61_R),MJZ,AB04-217,MAT101(64_M),KK,AB04-217,CSE498(54_B),FZA,AB04-217,CSE315(58_A),MIJ,AB04-217,ECO321(58_A),MSB,AB04-217,CSE311(58_A),ZNT,AB04-217,GED216(61_G),NHA,AB04-217,,
AB04-218,CSE132(63_E),MSS,AB04-218,GED131(63_E),TRN,AB04-218,CSE134(63_E),MZB,AB04-218,CSE411(55_B),SZ,AB04-218,CSE132(63_K),OI,AB04-218,ENG101(64_O),MH,AB04-218,CSE132(63_H),TH,AB04-218,,,AB04-218,,
AB04-219,PHY101(64_P),MYA,AB04-219,CSE112(64_P),SM,AB04-219,MAT101(64_P),MMH*,AB04-219,ENG101(64_P),MRU,AB04-219,CSE311(59_A),AHS,AB04-219,MAT211(61_D),MAH*,AB04-219,CSE313(59_A),RAH,AB04-219,CSE212(61_Y),TH,AB04-219,MAT211(61_Y),YA
AB04-220,CSE214(61_R),ZZ,AB04-220,GED131(62_J),SAA,AB04-220,CSE498(54_PC-B),ZNT,AB04-220,CSE426(54_PC-B),MHK,AB04-220,CSE334(56_PC-C),MHD,AB04-220,CSE423(54_PC-B),LR,AB04-220,CSE225(61_G),IN,AB04-220,CSE411(56_A),MIN,AB04-220,,
AB04-221,MAT101(64_Q),MMH*,AB04-221,ENG101(64_Q),AA,AB04-221,PHY101(64_Q),MMS,AB04-221,CSE225(61_D),AM,AB04-221,CSE132(63_S),MHK,AB04-221,CSE134(63_S),ABA,AB04-221,ENG123(63_S),ZF,AB04-221,GED131(63_S),SAA,AB04-221,,
AB04-222,CSE212(62_H),ZAS,AB04-222,CSE112(64_J),SH,AB04-222,CSE134(62_J),FA-C,AB04-222,CSE115(64_S),MMH,AB04-222,CSE112(64_H),ZZ,AB04-222,CSE411(55_PC-L),CAA,AB04-222,MAT211(62_J),MSH,AB04-222,CSE132(62_J),MAMR,AB04-222,,
AB04-223,CSE411(56_PC-B),MIN,AB04-223,ENG123(63_K),RS,AB04-223,MAT211(62_H),MSH,AB04-223,CSE132(62_H),TR,AB04-223,MAT211(62_I),MSH,AB04-223,CSE132(62_I),TR,AB04-223,CSE134(62_I),FA-C,AB04-223,CSE214(61_W),NIB,AB04-223,CSE212(61_W),MMRN
AB04-224,CSE124(63_I),MRI,AB04-224,MAT121(63_I),SS*,AB04-224,CSE134(63_I),AAK,AB04-224,MAT211(61_F),MAH*,AB04-224,GED131(63_B),ACC,AB04-224,GED131(63_B),ACC,AB04-224,CSE225(60_PC-G),MUH,AB04-224,CSE235(60_PC-G),SH,AB04-224,,
AB04-302,CSE223(60_A),ARS,AB04-302,CSE214(60_A),SMAH,AB04-302,CSE235(60_A),MZI,AB04-302,CSE112(64_C),SMAH,AB04-302,CSE115(64_C),FI,AB04-302,ENG101(64_C),KN,AB04-302,MAT101(64_C),MPL,AB04-302,ENG123(63_O),RS,AB04-302,,
AB04-303,CSE212(61_A),MB,AB04-303,CSE225(61_A),AM,AB04-303,PHY101(64_H),SHA,AB04-303,CSE113(64_H),ATR,AB04-303,CSE334(57_A),MJA,AB04-303,CSE321(57_A),ATR,AB04-303,CSE323(57_A),MSZ,AB04-303,CSE212(61_X),MMRN,AB04-303,GED216(61_X),MKS
AB04-304,MAT101(64_B),MPL,AB04-304,CSE113(64_F),SI,AB04-304,CSE113(64_J),MMI,AB04-304,CSE132(62_A),FF,AB04-304,CSE131(62_A),SR,AB04-304,CSE112(64_S),AAKA,AB04-304,CSE115(64_E),TFS,AB04-304,ENG101(64_S),MRU,AB04-304,CSE214(61_L),AAM
AB04-305,PHY101(64_T),MMS,AB04-305,CSE113(64_T),MMI,AB04-305,CSE134(63_K),TK,AB04-305,CSE225(60_PC-C),NRC,AB04-305,CSE113(64_S),MMI,AB04-305,CSE214(60_PC-C),FTJ,AB04-305,CSE214(60_PC-D),FTJ,AB04-305,CSE214(61_T),ZZ,AB04-305,,
AB04-306,GED131(63_K),NT,AB04-306,CSE131(62_H),DMR,AB04-306,CSE334(56_PC-B),ASN,AB04-306,CSE115(64_G),ZS,AB04-306,CSE131(62_J),DMR,AB04-306,CSE115(64_H),ZS,AB04-306,CSE223(60_PC-F),DS,AB04-306,CSE225(60_PC-F),MUH,AB04-306,,
AB04-307,PHY101(64_G),SHA,AB04-307,CSE112(64_G),MUR,AB04-307,ENG101(64_G),AJS,AB04-307,CSE131(62_I),DMR,AB04-307,CSE115(64_F),TFS,AB04-307,ENG101(64_F),AJS,AB04-307,CSE112(64_F),SS,AB04-307,ENG123(63_B),SML,AB04-307,,
AB04-318(A),CSE225(61_E),AM,AB04-318(A),CSE421(56_PC-B),IJN,AB04-318(A),CSE115(64_T),TFS,AB04-318(A),STA221(60_PC-F),AST,AB04-318(A),GED131(63_H),NT,AB04-318(A),CSE132(62_C),FF,AB04-318(A),CSE131(62_C),SR,AB04-318(A),GED131(62_C),ASNA,AB04-318(A),,
AB04-318(B),CSE112(64_E),DMR,AB04-318(B),CSE498(54_PC-A),ZNT,AB04-318(B),CSE423(54_PC-A),LR,AB04-318(B),CSE427(54_PC-A),NS,AB04-318(B),ECO321(58_PC-C),SMR,AB04-318(B),CSE333(56_PC-C),NS,AB04-318(B),CSE214(61_F),FHN,AB04-318(B),CSE212(61_K),ZHZ,AB04-318(B),GED216(61_K),AAM*
,,,,,,,,,,CSE317(58_PC-B),,,,,,,,,,,,,,,,
AB04-320,CSE113(64_N),MUR,AB04-320,CSE233(60_PC-B),KMM,AB04-320,ECO321(58_PC-B),SMR,AB04-320,,MHS,AB04-320,CSE427(54_PC-B),NS,AB04-320,CSE131(63_N),MHM,AB04-320,CSE134(63_N),ACC,AB04-320,CSE124(63_N),MRI,AB04-320,CSE132(63_N),MNF
,,,,,,,,,,+CSE317(58_PC-C),,,,,,,,,,,,,,,,
,,,,,,,,,,,,,,,,CSE317(58_B)+CSE317,,,,,,,,,,
AB04-801,CSE423(55_A),LR,AB04-801,CSE411(55_A),MFH,AB04-801,CSE411(56_PC-A),MIN,AB04-801,CSE225(60_A),MFH,AB04-801,CSE233(60_A),KMM,AB04-801,,MHS,AB04-801,STA221(60_PC-E),AST,AB04-801,CSE225(60_PC-E),MHS,AB04-801,CSE214(60_PC-E),HJ
,,,,,,,,,,,,,,,,(58_PC-A),,,,,,,,,,
AB04-802,STA221(60_PC-B),DMKH,AB04-802,CSE225(61_H),IN,AB04-802,CSE411(55_PC-B),AHN,AB04-802,CSE411(55_G),THT,AB04-802,CSE411(55_PC-C),AHN,AB04-802,CSE423(55_PC-C),MTA,AB04-802,CSE411(55_PC-D),AHN,AB04-802,CSE423(55_PC-D),MTA,AB04-802,,
AB04-803,MAT211(61_H),PD,AB04-803,CSE411(55_E),THT,AB04-803,CSE131(62_D),SR,AB04-803,MAT211(62_D),BCD,AB04-803,CSE311(58_B),ZNT,AB04-803,CSE311(59_PC-C),FKM,AB04-803,CSE313(59_B),FI,AB04-803,CSE427(54_B),MAHN,AB04-803,,
AB04-804,CSE134(62_E),NIS,AB04-804,CSE131(62_E),SR,AB04-804,MAT211(62_E),BCD,AB04-804,GED131(62_E),ASNA,AB04-804,CSE235(60_PC-E),MZI,AB04-804,CSE124(63_A),FZA,AB04-804,CSE225(61_X),SH,AB04-804,CSE235(60_PC-D),MZI,AB04-804,,
AB04-813(B),CSE134(63_G),AAK,AB04-813(B),CSE131(63_G),MHM,AB04-813(B),MAT121(63_G),SS*,AB04-813(B),GED131(63_G),NT,AB04-813(B),CSE414(56_PC-B),FH,AB04-813(B),CSE421(55_PC-D),MNF,AB04-813(B),CSE132(63_A),MAH,AB04-813(B),,,AB04-813(B),,
AB04-1404,MAT211(62_G),BCD,AB04-1404,CSE132(62_G),UA,AB04-1404,MAT121(63_M),FAM,AB04-1404,ENG123(63_M),RS,AB04-1404,CSE233(60_PC-F),SAK,AB04-1404,CSE235(59_PC-A),ZMK,AB04-1404,ECO321(58_PC-A),MSB,AB04-1404,,,AB04-1404,,
,,,,,,,,,,,"Lab (Electrical Circuit, Digital Electronics, Electronic Devices, and Circuits Lab)",,,,,,,,,,,,,,,
,08:30-09:30,,,09:30-10:30,,,10:30-11:30,,,11.30-12:30,,,12:30-01:30,,,01:30-02:30,,,02:30-03:30,,,03:30-04:30,,,04:30-05:30,
AB04-809,CSE213(61_F),SMC,AB04-809,CSE213(61_F),SMC,AB04-809,CSE213(61_F),SMC,AB04-809,CSE224(60_PC-B),ARS,AB04-809,CSE224(60_PC-B),ARS,AB04-809,CSE224(60_PC-B),ARS,AB04-809,CSE213(62_A),MHK,AB04-809,CSE213(62_A),MHK,AB04-809,CSE213(62_A),MHK
AB04-810,CSE224(60_PC-D),DS,AB04-810,CSE224(60_PC-D),DS,AB04-810,CSE224(60_PC-D),DS,AB04-810,CSE213(62_G),ZAS,AB04-810,CSE213(62_G),ZAS,AB04-810,CSE213(62_G),ZAS,AB04-810,CSE213(62_D),MNI,AB04-810,CSE213(62_D),MNI,AB04-810,CSE213(62_D),MNI
AB03-103,CSE133(63_M),OI,AB03-103,CSE133(63_M),OI,AB03-103,Occupied by ICE,,AB03-103,Occupied by ICE,,AB03-103,Occupied by ICE,,AB03-103,Occupied by ICE,,AB03-103,Occupied by ICE,,AB03-103,Occupied by ICE,,AB03-103,,
EC-106,Occupied by EEE,,EC-106,Occupied by EEE,,EC-106,Occupied by EEE,,EC-106,Occupied by EEE,,EC-106,Occupied by EEE,,EC-106,Occupied by EEE,,EC-106,Occupied by EEE,,EC-106,Occupied by EEE,,EC-106,Occupied by EEE,
LAB-TBA1,CSE213(61_V),SCH,LAB-TBA1,CSE213(61_V),SCH,LAB-TBA1,CSE213(61_V),SCH,LAB-TBA1,CSE213(61_L),ZHZ,LAB-TBA1,CSE213(61_L),ZHZ,LAB-TBA1,CSE213(61_L),ZHZ,LAB-TBA1,CSE213(61_O),NAA,LAB-TBA1,CSE213(61_O),NAA,LAB-TBA1,CSE213(61_O),NAA
LAB-TBA2,,,LAB-TBA2,,,LAB-TBA2,,,LAB-TBA2,CSE213(61_T),SCH,LAB-TBA2,CSE213(61_T),SCH,LAB-TBA2,CSE213(61_T),SCH,LAB-TBA2,,,LAB-TBA2,,,LAB-TBA2,,
,,,,,,,,,,,,,Monday,,,,,,,,,,,,,
,08:30-09:30,,,09:30-10:30,,,10:30-11:30,,,11.30-12:30,,,12:30-01:30,,,01:30-02:30,,,02:30-03:30,,,03:30-04:30,,,04:30-05:30,
Room,Course,Teacher,Room,Course,Teacher,Room,Course,Teacher,Room,Course,Teacher,Room,Course,Teacher,Room,Course,Teacher,Room,Course,Teacher,Room,Course,Teacher,Room,Course,Teacher
AB04-502,,,AB04-502,,,AB04-502,,,AB04-502,,,AB04-502,,,AB04-502,,,AB04-502,,,AB04-502,,,AB04-502,,
(ROBOTICS LAB),,,(ROBOTICS LAB),,,(ROBOTICS LAB),,,(ROBOTICS LAB),,,(ROBOTICS LAB),,,(ROBOTICS LAB),,,(ROBOTICS LAB),,,(ROBOTICS LAB),,,(ROBOTICS LAB),,
AB04-613,,,AB04-613,,,AB04-613,,,AB04-613,,,AB04-613,,,AB04-613,,,AB04-613,,,AB04-613,,,AB04-613,,
(DAFFODIL,,,(DAFFODIL,,,(DAFFODIL,CSE426(54_E),MHI,(DAFFODIL,,,(DAFFODIL,,,(DAFFODIL,CSE426(54_C),MHI,(DAFFODIL,,,(DAFFODIL,,,(DAFFODIL,,
ROBOTICS LAB),,,ROBOTICS LAB),,,ROBOTICS LAB),,,ROBOTICS LAB),,,ROBOTICS LAB),,,ROBOTICS LAB),,,ROBOTICS LAB),,,ROBOTICS LAB),,,ROBOTICS LAB),,
AB04-501(A),,,AB04-501(A),,,AB04-501(A),,,AB04-501(A),,,AB04-501(A),,,AB04-501(A),,,AB04-501(A),,,AB04-501(A),,,AB04-501(A),,
,CSE332(57_PC-B),SMTS,,CSE332(57_PC-B),SMTS,,CSE332(57_PC-B),SMTS,,CSE335(57_PC-A),MJA,,CSE335(57_PC-A),MJA,,CSE335(57_PC-A),MJA,,CSE415(56_PC-A2),FH,,CSE415(56_PC-A2),FH,,CSE415(56_PC-A2),FH
(COM LAB),,,(COM LAB),,,(COM LAB),,,(COM LAB),,,(COM LAB),,,(COM LAB),,,(COM LAB),,,(COM LAB),,,(COM LAB),,
AB04-501(B),,,AB04-501(B),,,AB04-501(B),,,AB04-501(B),,,AB04-501(B),,,AB04-501(B),,,AB04-501(B),,,AB04-501(B),,,AB04-501(B),,
,CSE314(58_PC-C),NRC,,CSE314(58_PC-C),NRC,,CSE314(58_PC-C),NRC,,CSE114(64_A),SRH,,CSE114(64_A),SRH,,CSE114(64_A),SRH,,CSE114(64_F),SI,,CSE114(64_F),SI,,CSE114(64_F),SI
(COM LAB),,,(COM LAB),,,(COM LAB),,,(COM LAB),,,(COM LAB),,,(COM LAB),,,(COM LAB),,,(COM LAB),,,(COM LAB),,
AB04-503,,,AB04-503,,,AB04-503,,,AB04-503,,,AB04-503,,,AB04-503,,,AB04-503,,,AB04-503,,,AB04-503,,
,CSE324(57_A),MSZ,,CSE324(57_A),MSZ,,CSE324(57_A),MSZ,,CSE234(60_A),KMM,,CSE234(60_A),KMM,,CSE234(60_A),KMM,,CSE422(56_PC-A1),IJN,,CSE422(56_PC-A1),IJN,,CSE422(56_PC-A1),IJN
(COM LAB),,,(COM LAB),,,(COM LAB),,,(COM LAB),,,(COM LAB),,,(COM LAB),,,(COM LAB),,,(COM LAB),,,(COM LAB),,
AB04-504,,,AB04-504,,,AB04-504,,,AB04-504,,,AB04-504,,,AB04-504,,,AB04-504,,,AB04-504,,,AB04-504,,
,CSE135(63_K),TK,,CSE135(63_K),TK,,CSE135(63_R),ABA,,CSE135(63_R),ABA,,CSE215(61_I),FHE,,CSE215(61_I),FHE,,CSE316(58_PC-A),MAHN,,CSE316(58_PC-A),MAHN,,CSE316(58_PC-A),MAHN
(COM LAB),,,(COM LAB),,,(COM LAB),,,(COM LAB),,,(COM LAB),,,(COM LAB),,,(COM LAB),,,(COM LAB),,,(COM LAB),,
AB04-510,,,AB04-510,,,AB04-510,,,AB04-510,,,AB04-510,,,AB04-510,,,AB04-510,,,AB04-510,,,AB04-510,,
,CSE415(55_C),SNA,,CSE415(55_C),SNA,,CSE415(55_C),SNA,,CSE114(64_T),MMI,,CSE114(64_T),MMI,,CSE114(64_T),MMI,,Booked for ACM,,,Booked for ACM,,,Booked for ACM,
(COM LAB),,,(COM LAB),,,(COM LAB),,,(COM LAB),,,(COM LAB),,,(COM LAB),,,(COM LAB),,,(COM LAB),,,(COM LAB),,
AB04-513,,,AB04-513,,,AB04-513,,,AB04-513,,,AB04-513,,,AB04-513,,,AB04-513,,,AB04-513,,,AB04-513,,
,CSE312(58_PC-B),AHS,,CSE312(58_PC-B),AHS,,CSE312(58_PC-B),AHS,,CSE314(59_PC-A),RAH,,CSE314(59_PC-A),RAH,,CSE314(59_PC-A),RAH,,,,,,,,,
(COM LAB),,,(COM LAB),,,(COM LAB),,,(COM LAB),,,(COM LAB),,,(COM LAB),,,(COM LAB),,,(COM LAB),,,(COM LAB),,
AB04-514,,,AB04-514,,,AB04-514,,,AB04-514,,,AB04-514,,,AB04-514,,,AB04-514,,,AB04-514,,,AB04-514,,
,CSE234(59_B),FF,,CSE234(59_B),FF,,CSE234(59_B),FF,,CSE232(59_PC-B),GR,,CSE232(59_PC-B),GR,,CSE232(59_PC-B),GR,,,,,,,,,
(COM LAB),,,(COM LAB),,,(COM LAB),,,(COM LAB),,,(COM LAB),,,(COM LAB),,,(COM LAB),,,(COM LAB),,,(COM LAB),,
AB04-515,,,AB04-515,,,AB04-515,,,AB04-515,,,AB04-515,,,AB04-515,,,AB04-515,,,AB04-515,,,AB04-515,,
,,,,CSE215(61_J),FHE,,CSE215(61_J),FHE,,CSE215(60_PC-A),SMAH,,CSE215(60_PC-A),SMAH,,CSE215(60_PC-A),SMAH,,,,,,,,,
(COM LAB),,,(COM LAB),,,(COM LAB),,,(COM LAB),,,(COM LAB),,,(COM LAB),,,(COM LAB),,,(COM LAB),,,(COM LAB),,
AB04-516,,,AB04-516,,,AB04-516,,,AB04-516,,,AB04-516,,,AB04-516,,,AB04-516,,,AB04-516,,,AB04-516,,
,CSE114(64_R),KD,,CSE114(64_R),KD,,CSE114(64_R),KD,,CSE234(60_PC-E),SAK,,CSE234(60_PC-E),SAK,,CSE234(60_PC-E),SAK,,,,,,,,,
(COM LAB),,,(COM LAB),,,(COM LAB),,,(COM LAB),,,(COM LAB),,,(COM LAB),,,(COM LAB),,,(COM LAB),,,(COM LAB),,
AB04-517(A1),,,AB04-517(A1),,,AB04-517(A1),,,AB04-517(A1),,,AB04-517(A1),,,AB04-517(A1),,,AB04-517(A1),,,AB04-517(A1),,,AB04-517(A1),,
,CSE335(56_B1),MHD,,CSE335(56_B1),MHD,,CSE335(56_B1),MHD,,CSE422(56_PC-C1),NH,,CSE422(56_PC-C1),NH,,CSE422(56_PC-C1),NH,,,,,,,,,
(COM LAB),,,(COM LAB),,,(COM LAB),,,(COM LAB),,,(COM LAB),,,(COM LAB),,,(COM LAB),,,(COM LAB),,,(COM LAB),,
AB04-517(A2),,,AB04-517(A2),,,AB04-517(A2),,,AB04-517(A2),,,AB04-517(A2),,,AB04-517(A2),,,AB04-517(A2),,,AB04-517(A2),,,AB04-517(A2),,
,CSE415(56_B2),MAIT,,CSE415(56_B2),MAIT,,CSE415(56_B2),MAIT,,CSE415(56_PC-C2),MAIT,,CSE415(56_PC-C2),MAIT,,CSE415(56_PC-C2),MAIT,,,,,,,,,
(COM LAB),,,(COM LAB),,,(COM LAB),,,(COM LAB),,,(COM LAB),,,(COM LAB),,,(COM LAB),,,(COM LAB),,,(COM LAB),,
AB04-517(B1),,,AB04-517(B1),,,AB04-517(B1),,,AB04-517(B1),,,AB04-517(B1),,,AB04-517(B1),,,AB04-517(B1),,,AB04-517(B1),,,AB04-517(B1),,
(COM LAB),,,(COM LAB),,,(COM LAB),,,(COM LAB),,,(COM LAB),,,(COM LAB),,,(COM LAB),,,(COM LAB),,,(COM LAB),,
AB04-517(B2),,,AB04-517(B2),,,AB04-517(B2),,,AB04-517(B2),,,AB04-517(B2),,,AB04-517(B2),,,AB04-517(B2),,,AB04-517(B2),,,AB04-517(B2),,
(COM LAB),,,(COM LAB),,,(COM LAB),,,(COM LAB),,,(COM LAB),,,(COM LAB),,,(COM LAB),,,(COM LAB),,,(COM LAB),,
AB04-518,,,AB04-518,,,AB04-518,,,AB04-518,,,AB04-518,,,AB04-518,,,AB04-518,,,AB04-518,,,AB04-518,,
,CSE135(62_A),AAKN,,CSE135(62_A),AAKN,,CSE135(63_H),MFHN,,CSE135(63_H),MFHN,,CSE215(61_L),AAM,,CSE215(61_L),AAM,,,,,,,,,
(COM LAB),,,(COM LAB),,,(COM LAB),,,(COM LAB),,,(COM LAB),,,(COM LAB),,,(COM LAB),,,(COM LAB),,,(COM LAB),,
AB04-811,,,AB04-811,,,AB04-811,,,AB04-811,,,AB04-811,,,AB04-811,,,AB04-811,,,AB04-811,,,AB04-811,,
,CSE422(55_PC-F),MMF,,CSE422(55_PC-F),MMF,,CSE422(55_PC-F),MMF,,CSE415(55_PC-E),RKR,,CSE415(55_PC-E),RKR,,CSE415(55_PC-E),RKR,,CSE135(63_P),MJZ,,CSE135(63_P),MJZ,,,
(COM LAB),,,(COM LAB),,,(COM LAB),,,(COM LAB),,,(COM LAB),,,(COM LAB),,,(COM LAB),,,(COM LAB),,,(COM LAB),,
AB04-812,,,AB04-812,,,AB04-812,,,AB04-812,,,AB04-812,,,AB04-812,,,AB04-812,,,AB04-812,,,AB04-812,,
,CSE114(64_N),MUR,,CSE114(64_N),MUR,,CSE114(64_N),MUR,,CSE422(55_E),TRA,,CSE422(55_E),TRA,,CSE422(55_E),TRA,,,,,,,,,
(COM LAB),,,(COM LAB),,,(COM LAB),,,(COM LAB),,,(COM LAB),,,(COM LAB),,,(COM LAB),,,(COM LAB),,,(COM LAB),,
AB04-813(A),,,AB04-813(A),,,AB04-813(A),,,AB04-813(A),,,AB04-813(A),,,AB04-813(A),,,AB04-813(A),,,AB04-813(A),,,AB04-813(A),,
,CSE234(59_A),NJR,,CSE234(59_A),NJR,,CSE234(59_A),NJR,,CSE415(55_PC-R),NK,,CSE415(55_PC-R),NK,,CSE415(55_PC-R),NK,,,,,,,,,
(COM LAB),,,(COM LAB),,,(COM LAB),,,(COM LAB),,,(COM LAB),,,(COM LAB),,,(COM LAB),,,(COM LAB),,,(COM LAB),,
AB04-814,,,AB04-814,,,AB04-814,,,AB04-814,,,AB04-814,,,AB04-814,,,AB04-814,,,AB04-814,,,AB04-814,,
,,,,,,,CSE215(61_X),LI,,CSE215(61_X),LI,,CSE215(61_Z),MT,,CSE215(61_Z),MT,,Booked for ACM,,,Booked for ACM,,,Booked for ACM,
(COM LAB),,,(COM LAB),,,(COM LAB),,,(COM LAB),,,(COM LAB),,,(COM LAB),,,(COM LAB),,,(COM LAB),,,(COM LAB),,
AB02-301,,,AB02-301,,,AB02-301,,,AB02-301,,,AB02-301,,,AB02-301,,,AB02-301,,,AB02-301,,,AB02-301,,
(PHY LAB),,,(PHY LAB),,,(PHY LAB),,,(PHY LAB),,,(PHY LAB),,,(PHY LAB),,,(PHY LAB),,,(PHY LAB),,,(PHY LAB),,
AB02-302,,,AB02-302,,,AB02-302,,,AB02-302,,,AB02-302,,,AB02-302,,,AB02-302,,,AB02-302,,,AB02-302,,
(PHY LAB),,,(PHY LAB),,,(PHY LAB),,,(PHY LAB),,,(PHY LAB),,,(PHY LAB),,,(PHY LAB),,,(PHY LAB),,,(PHY LAB),,
AB04-815,,,AB04-815,,,AB04-815,,,AB04-815,,,AB04-815,,,AB04-815,,,AB04-815,,,AB04-815,,,AB04-815,,
(PHY LAB),,,(PHY LAB),,,(PHY LAB),,,(PHY LAB),,,(PHY LAB),,,(PHY LAB),,,(PHY LAB),,,(PHY LAB),,,(PHY LAB),,
AB04-816,,,AB04-816,,,AB04-816,,,AB04-816,,,AB04-816,,,AB04-816,,,AB04-816,,,AB04-816,,,AB04-816,,
(PHY LAB),,,(PHY LAB),,,(PHY LAB),,,(PHY LAB),,,(PHY LAB),,,(PHY LAB),,,(PHY LAB),,,(PHY LAB),,,(PHY LAB),,
AB04-201,ENG101(64_T),NAP,AB04-201,CSE233(60_PC-D),SAK,AB04-201,CSE411(56_A),MIN,AB04-201,CSE226(60_PC-D),ATR,AB04-201,MAT101(64_I),MSA*,AB04-201,CSE225(61_U),MA,AB04-201,ENG101(64_J),NAP,AB04-201,CSE411(56_PC-C),MIN,AB04-201,,
AB04-208,PHY101(64_L),MYA,AB04-208,CSE421(56_A),NH,AB04-208,MAT101(64_T),MMH*,AB04-208,ENG101(64_F),AJS,AB04-208,CSE113(64_H),ATR,AB04-208,ENG101(64_H),AJS,AB04-208,MAT101(64_H),MSA*,AB04-208,CSE414(55_PC-A),SM,AB04-208,CSE225(61_S),GR
AB04-213,STA221(60_PC-D),AST,AB04-213,CSE214(61_P),MUM,AB04-213,CSE423(54_C),DTB,AB04-213,CSE498(54_C),FZA,AB04-213,CSE423(54_B),DTB,AB04-213,CSE498(54_B),FZA,AB04-213,CSE426(54_B),MHI,AB04-213,CSE231(59_PC-A),GR,AB04-213,CSE235(59_PC-A),ZMK
AB04-216,GED131(63_D),TRN,AB04-216,CSE134(63_D),MZB,AB04-216,ENG123(63_D),SML,AB04-216,CSE411(55_PC-A),THT,AB04-216,CSE132(63_D),MAH,AB04-216,MAT211(61_K),PD,AB04-216,CSE423(55_PC-A),NIB,AB04-216,CSE112(64_H),ZZ,AB04-216,MAT211(61_Z),YA
AB04-217,GED131(62_B),ASNA,AB04-217,MAT101(64_L),MSA*,AB04-217,ENG101(64_L),MH,AB04-217,CSE427(54_B),MAHN,AB04-217,PHY101(64_D),MRRM,AB04-217,CSE411(56_B),MIN,AB04-217,GED216(61_Z),SAR,AB04-217,CSE214(61_U),NIB,AB04-217,,
AB04-218,CSE132(63_Q),MHHN,AB04-218,CSE134(63_Q),ABA,AB04-218,MAT121(63_Q),FAM,AB04-218,CSE115(64_L),TA,AB04-218,CSE115(64_R),MMH,AB04-218,PHY101(64_N),MYA,AB04-218,CSE223(60_PC-D),ARS,AB04-218,GED216(61_S),AI,AB04-218,,
AB04-219,MAT121(63_O),FAM,AB04-219,GED131(63_O),MMA,AB04-219,CSE131(63_O),TT,AB04-219,GED131(62_I),SAA,AB04-219,CSE131(63_P),TT,AB04-219,CSE333(56_PC-A),NS,AB04-219,CSE131(63_F),FNK,AB04-219,ENG123(63_F),MA*,AB04-219,CSE132(63_F),MSHN
AB04-220,GED216(61_F),NHA,AB04-220,CSE214(61_H),FHN,AB04-220,MAT211(62_I),MSH,AB04-220,CSE423(55_F),MUH,AB04-220,GED131(63_L),NT,AB04-220,CSE235(60_PC-D),MZI,AB04-220,CSE131(63_L),UA,AB04-220,CSE225(61_V),MA,AB04-220,GED216(61_V),MKS
AB04-221,ENG101(64_M),MH,AB04-221,CSE115(64_M),TA,AB04-221,PHY101(64_M),MYA,AB04-221,CSE113(64_M),MUR,AB04-221,CSE212(62_I),ZAS,AB04-221,GED131(63_F),MSS,AB04-221,MAT211(61_R),SD,AB04-221,CSE112(64_J),SH,AB04-221,,
AB04-222,CSE115(64_Q),MMH,AB04-222,MAT101(64_Q),MMH*,AB04-222,MAT211(61_F),MAH*,AB04-222,CSE113(64_Q),KD,AB04-222,ENG123(63_Q),ZF,AB04-222,ENG123(63_J),MA*,AB04-222,GED131(63_J),NT,AB04-222,CSE214(61_N),HJ,AB04-222,CSE225(61_N),UA
AB04-223,CSE411(55_F),THT,AB04-223,CSE421(55_F),TRA,AB04-223,MAT121(63_K),SS*,AB04-223,CSE113(64_E),SI,AB04-223,GED131(62_F),MSH*,AB04-223,MAT101(64_E),MPL,AB04-223,CSE134(62_F),LI,AB04-223,CSE132(62_F),MHHN,AB04-223,,
AB04-224,CSE134(63_H),AAK,AB04-224,CSE131(63_H),MHM,AB04-224,CSE414(55_F),JAP,AB04-224,PHY101(64_K),SHA,AB04-224,CSE131(63_K),MHM,AB04-224,CSE411(55_PC-L),CAA,AB04-224,CSE423(55_PC-L),MMRN,AB04-224,CSE414(55_PC-L),NK,AB04-224,CSE421(55_PC-L),MSRM
AB04-302,STA221(60_A),TF,AB04-302,CSE214(60_A),SMAH,AB04-302,MAT101(64_J),MSA*,AB04-302,CSE115(64_J),ZS,AB04-302,CSE112(64_Q),FTJ,AB04-302,PHY101(64_J),SHA,AB04-302,ECO321(57_PC-A),SMR,AB04-302,MAT211(61_T),MR,AB04-302,GED216(61_T),AI
AB04-303,PHY101(64_A),AKA,AB04-303,MAT101(64_A),MPL,AB04-303,ECO321(57_B),SMR,AB04-303,CSE323(57_B),MSZ,AB04-303,CSE112(64_K),DS,AB04-303,CSE225(61_F),AM,AB04-303,CSE331(57_B),TT,AB04-303,CSE321(57_B),KMM,AB04-303,,
AB04-304,CSE132(62_I),TR,AB04-304,CSE131(62_I),DMR,AB04-304,CSE134(62_G),FNK,AB04-304,CSE333(56_A),NS,AB04-304,CSE427(54_PC-A),NS,AB04-304,CSE115(64_D),FI,AB04-304,ENG123(63_S),ZF,AB04-304,ENG101(64_K),MH,AB04-304,,
AB04-305,CSE131(62_G),DMR,AB04-305,GED131(62_G),SAA,AB04-305,CSE134(63_L),TK,AB04-305,CSE225(60_PC-B),NRC,AB04-305,CSE427(54_C),FAF,AB04-305,CSE134(63_S),ABA,AB04-305,CSE113(64_I),ATR,AB04-305,ENG101(64_I),AJS,AB04-305,CSE233(59_PC-B),RHK
AB04-306,CSE225(61_T),MA,AB04-306,CSE112(64_D),MMI,AB04-306,PHY101(64_C),MRRM,AB04-306,CSE331(57_A),SMTS,AB04-306,CSE214(61_F),FHN,AB04-306,CSE115(64_I),ZS,AB04-306,CSE115(64_K),ZS,AB04-306,MAT211(61_M),SD,AB04-306,CSE225(61_M),PDS
AB04-307,CSE421(55_PC-B),MNF,AB04-307,CSE414(55_PC-B),SM,AB04-307,CSE423(55_PC-B),MTA,AB04-307,CSE115(64_C),FI,AB04-307,CSE131(62_J),DMR,AB04-307,CSE131(62_F),DMR,AB04-307,CSE225(61_L),IN,AB04-307,PHY101(64_E),MRRM,AB04-307,CSE214(61_D),MHIM
AB04-318(A),CSE426(54_PC-A),MHI,AB04-318(A),CSE498(54_PC-A),ZNT,AB04-318(A),CSE421(55_PC-C),THN,AB04-318(A),CSE414(55_PC-C),SM,AB04-318(A),CSE134(63_O),ACC,AB04-318(A),CSE134(63_O),ACC,AB04-318(A),CSE212(62_J),ZAS,AB04-318(A),MAT211(62_J),MSH,AB04-318(A),CSE132(62_J),MAMR
AB04-318(B),MAT101(64_D),MPL,AB04-318(B),MAT211(62_B),BCD,AB04-318(B),MAT211(62_A),BCD,AB04-318(B),CSE132(62_B),FF,AB04-318(B),CSE134(62_B),AAKN,AB04-318(B),CSE132(62_A),FF,AB04-318(B),GED216(61_U),MKS,AB04-318(B),CSE214(61_C),MHIM,AB04-318(B),MAT211(61_C),MAH*
AB04-320,CSE421(55_G),TRA,AB04-320,CSE423(55_G),MUH,AB04-320,CSE411(55_G),THT,AB04-320,CSE414(55_G),JAP,AB04-320,CSE311(59_B),NIS,AB04-320,CSE231(59_B),PDS,AB04-320,CSE132(63_O),MNF,AB04-320,GED216(61_D),RB,AB04-320,,
,,,,,,,CSE226(60_A)+CSE226,,,,,,,,,,,,,,,,,,,
AB04-801,CSE225(61_J),IN,AB04-801,CSE423(54_PC-B),LR,AB04-801,,HJ,AB04-801,MAT211(62_D),BCD,AB04-801,CSE421(56_PC-A),IJN,AB04-801,CSE423(54_PC-A),LR,AB04-801,ENG123(63_C),SML,AB04-801,MAT211(61_I),PD,AB04-801,GED216(61_L),AAM*
,,,,,,,(60_PC-A),,,,,,,,,,,,,,,,,,,
AB04-802,CSE423(55_PC-E),MTA,AB04-802,CSE411(55_PC-E),AHN,AB04-802,CSE498(54_PC-B),ZNT,AB04-802,CSE411(55_PC-H),AHN,AB04-802,CSE411(55_PC-F),AHN,AB04-802,CSE134(63_C),MZB,AB04-802,CSE132(63_B),MAH,AB04-802,MAT121(63_B),SP,AB04-802,,
AB04-803,STA221(60_PC-A),DMKH,AB04-803,CSE235(60_PC-A),MZI,AB04-803,CSE411(55_PC-R),CAA,AB04-803,CSE427(54_E),FAF,AB04-803,ECO321(57_PC-B),SMR,AB04-803,CSE323(57_PC-B),MSZ,AB04-803,CSE313(59_PC-C),RAH,AB04-803,CSE233(59_PC-C),NJR,AB04-803,CSE236(59_PC-C),TA
AB04-804,CSE423(54_E),LR,AB04-804,CSE498(54_E),FZA,AB04-804,CSE423(55_E),UH,AB04-804,CSE423(55_C),LR,AB04-804,CSE311(58_PC-C),AHS,AB04-804,CSE323(58_PC-C),NJR,AB04-804,CSE131(63_N),MHM,AB04-804,ENG123(63_N),RS,AB04-804,ENG123(63_P),ZF
AB04-813(B),CSE132(62_D),UH,AB04-813(B),CSE134(62_D),NIS,AB04-813(B),GED131(62_D),ASNA,AB04-813(B),ECO321(58_PC-A),MSB,AB04-813(B),CSE423(55_PC-C),MTA,AB04-813(B),CSE315(58_PC-B),MAHN,AB04-813(B),CSE214(61_S),ZZ,AB04-813(B),CSE225(61_O),UA,AB04-813(B),CSE214(61_O),LI
AB04-1404,,,AB04-1404,CSE414(55_PC-H),RKR,AB04-1404,CSE423(55_PC-H),MSHN,AB04-1404,CSE132(62_G),UA,AB04-1404,CSE134(62_H),FNK,AB04-1404,CSE235(59_PC-C),ZMK,AB04-1404,GED131(62_H),SAA,AB04-1404,CSE214(61_X),LI,AB04-1404,MAT211(61_X),MR
,,,,,,,,,,,"Lab (Electrical Circuit, Digital Electronics, Electronic Devices, and Circuits Lab)",,,,,,,,,,,,,,,
,08:30-09:30,,,09:30-10:30,,,10:30-11:30,,,11.30-12:30,,,12:30-01:30,,,01:30-02:30,,,02:30-03:30,,,03:30-04:30,,,04:30-05:30,
AB04-809,CSE213(62_H),ZAS,AB04-809,CSE213(62_H),ZAS,AB04-809,CSE213(62_H),ZAS,AB04-809,CSE133(63_J),OI,AB04-809,CSE133(63_J),OI,AB04-809,CSE133(63_R),MHK,AB04-809,CSE133(63_R),MHK,AB04-809,CSE133(63_C),MAH,AB04-809,CSE133(63_C),MAH
AB04-810,CSE133(63_L),OI,AB04-810,CSE133(63_L),OI,AB04-810,CSE133(63_S),MHK,AB04-810,CSE133(63_S),MHK,AB04-810,CSE133(63_N),MNF,AB04-810,CSE133(63_N),MNF,AB04-810,CSE224(60_PC-E),DS,AB04-810,CSE224(60_PC-E),DS,AB04-810,CSE224(60_PC-E),DS
AB03-103,CSE213(61_R),MJZ,AB03-103,CSE213(61_R),MJZ,AB03-103,CSE213(61_R),MJZ,AB03-103,CSE213(61_H),TR,AB03-103,CSE213(61_H),TR,AB03-103,CSE213(61_H),TR,AB03-103,CSE213(61_P),NAA,AB03-103,CSE213(61_P),NAA,AB03-103,CSE213(61_P),NAA
EC-106,CSE213(61_K),ZHZ,EC-106,CSE213(61_K),ZHZ,EC-106,CSE213(61_K),ZHZ,EC-106,CSE213(61_C),MB,EC-106,CSE213(61_C),MB,EC-106,CSE213(61_C),MB,EC-106,CSE213(62_C),MNI,EC-106,CSE213(62_C),MNI,EC-106,CSE213(62_C),MNI
,,,,,,,,,,,,,Tuesday,,,,,,,,,,,,,
,08:30-09:30,,,09:30-10:30,,,10:30-11:30,,,11.30-12:30,,,12:30-01:30,,,01:30-02:30,,,02:30-03:30,,,03:30-04:30,,,04:30-05:30,
Room,Course,Teacher,Room,Course,Teacher,Room,Course,Teacher,Room,Course,Teacher,Room,Course,Teacher,Room,Course,Teacher,Room,Course,Teacher,Room,Course,Teacher,Room,Course,Teacher
AB04-502,,,AB04-502,,,AB04-502,,,AB04-502,,,AB04-502,,,AB04-502,,,AB04-502,,,AB04-502,,,AB04-502,,
(ROBOTICS LAB),,,(ROBOTICS LAB),,,(ROBOTICS LAB),,,(ROBOTICS LAB),,,(ROBOTICS LAB),,,(ROBOTICS LAB),,,(ROBOTICS LAB),,,(ROBOTICS LAB),,,(ROBOTICS LAB),,
AB04-613,,,AB04-613,,,AB04-613,,,AB04-613,,,AB04-613,,,AB04-613,,,AB04-613,,,AB04-613,,,AB04-613,,
(DAFFODIL,,,(DAFFODIL,,,(DAFFODIL,,,(DAFFODIL,,,(DAFFODIL,,,(DAFFODIL,,,(DAFFODIL,,,(DAFFODIL,,,(DAFFODIL,,
ROBOTICS LAB),,,ROBOTICS LAB),,,ROBOTICS LAB),,,ROBOTICS LAB),,,ROBOTICS LAB),,,ROBOTICS LAB),,,ROBOTICS LAB),,,ROBOTICS LAB),,,ROBOTICS LAB),,
AB04-501(A),,,AB04-501(A),,,AB04-501(A),,,AB04-501(A),,,AB04-501(A),,,AB04-501(A),,,AB04-501(A),,,AB04-501(A),,,AB04-501(A),,
,CSE335(57_A),MJA,,CSE335(57_A),MJA,,CSE335(57_A),MJA,,CSE322(57_PC-A),ZH,,CSE322(57_PC-A),ZH,,CSE322(57_PC-A),ZH,,CSE422(56_B1),IJN,,CSE422(56_B1),IJN,,CSE422(56_B1),IJN
(COM LAB),,,(COM LAB),,,(COM LAB),,,(COM LAB),,,(COM LAB),,,(COM LAB),,,(COM LAB),,,(COM LAB),,,(COM LAB),,
AB04-501(B),,,AB04-501(B),,,AB04-501(B),,,AB04-501(B),,,AB04-501(B),,,AB04-501(B),,,AB04-501(B),,,AB04-501(B),,,AB04-501(B),,
,CSE114(64_H),ATR,,CSE114(64_H),ATR,,CSE114(64_H),ATR,,CSE114(64_C),SRH,,CSE114(64_C),SRH,,CSE114(64_C),SRH,,CSE335(56_B2),FHE,,CSE335(56_B2),FHE,,CSE335(56_B2),FHE
(COM LAB),,,(COM LAB),,,(COM LAB),,,(COM LAB),,,(COM LAB),,,(COM LAB),,,(COM LAB),,,(COM LAB),,,(COM LAB),,
AB04-503,,,AB04-503,,,AB04-503,,,AB04-503,,,AB04-503,,,AB04-503,,,AB04-503,,,AB04-503,,,AB04-503,,
,CSE322(57_B),KMM,,CSE322(57_B),KMM,,CSE322(57_B),KMM,,CSE135(63_S),ABA,,CSE135(63_S),ABA,,CSE215(61_Q),MUM,,CSE215(61_Q),MUM,,,,,,
(COM LAB),,,(COM LAB),,,(COM LAB),,,(COM LAB),,,(COM LAB),,,(COM LAB),,,(COM LAB),,,(COM LAB),,,(COM LAB),,
AB04-504,,,AB04-504,,,AB04-504,,,AB04-504,,,AB04-504,,,AB04-504,,,AB04-504,,,AB04-504,,,AB04-504,,
,CSE135(63_L),TK,,CSE135(63_L),TK,,,,,CSE422(55_B),NNM,,CSE422(55_B),NNM,,CSE422(55_B),NNM,,CSE415(55_G),JAP,,CSE415(55_G),JAP,,CSE415(55_G),JAP
(COM LAB),,,(COM LAB),,,(COM LAB),,,(COM LAB),,,(COM LAB),,,(COM LAB),,,(COM LAB),,,(COM LAB),,,(COM LAB),,
AB04-510,,,AB04-510,,,AB04-510,,,AB04-510,,,AB04-510,,,AB04-510,,,AB04-510,,,AB04-510,,,AB04-510,,
,CSE114(64_Q),KD,,CSE114(64_Q),KD,,CSE114(64_Q),KD,,CSE114(64_G),SI,,CSE114(64_G),SI,,CSE114(64_G),SI,,CSE114(64_J),AAM,,CSE114(64_J),AAM,,CSE114(64_J),AAM
(COM LAB),,,(COM LAB),,,(COM LAB),,,(COM LAB),,,(COM LAB),,,(COM LAB),,,(COM LAB),,,(COM LAB),,,(COM LAB),,
AB04-513,,,AB04-513,,,AB04-513,,,AB04-513,,,AB04-513,,,AB04-513,,,AB04-513,,,AB04-513,,,AB04-513,,
,CSE234(59_PC-A),SZ,,CSE234(59_PC-A),SZ,,CSE234(59_PC-A),SZ,,CSE215(60_PC-C),FTJ,,CSE215(60_PC-C),FTJ,,CSE215(60_PC-C),FTJ,,CSE215(61_U),MFHN,,CSE215(61_U),MFHN,,,
(COM LAB),,,(COM LAB),,,(COM LAB),,,(COM LAB),,,(COM LAB),,,(COM LAB),,,(COM LAB),,,(COM LAB),,,(COM LAB),,
AB04-514,,,AB04-514,,,AB04-514,,,AB04-514,,,AB04-514,,,AB04-514,,,AB04-514,,,AB04-514,,,AB04-514,,
,CSE312(59_PC-B),FKM,,CSE312(59_PC-B),FKM,,CSE312(59_PC-B),FKM,,CSE316(58_PC-C),MTA,,CSE316(58_PC-C),MTA,,CSE316(58_PC-C),MTA,,Booked for ACM,,,Booked for ACM,,,Booked for ACM,
(COM LAB),,,(COM LAB),,,(COM LAB),,,(COM LAB),,,(COM LAB),,,(COM LAB),,,(COM LAB),,,(COM LAB),,,(COM LAB),,
AB04-515,,,AB04-515,,,AB04-515,,,AB04-515,,,AB04-515,,,AB04-515,,,AB04-515,,,AB04-515,,,AB04-515,,
,CSE215(60_PC-E),SS,,CSE215(60_PC-E),SS,,CSE215(60_PC-E),SS,,CSE215(60_A),SMAH,,CSE215(60_A),SMAH,,CSE215(60_A),SMAH,,CSE415(55_PC-F),RKR,,CSE415(55_PC-F),RKR,,CSE415(55_PC-F),RKR
(COM LAB),,,(COM LAB),,,(COM LAB),,,(COM LAB),,,(COM LAB),,,(COM LAB),,,(COM LAB),,,(COM LAB),,,(COM LAB),,
AB04-516,,,AB04-516,,,AB04-516,,,AB04-516,,,AB04-516,,,AB04-516,,,AB04-516,,,AB04-516,,,AB04-516,,
,CSE422(55_PC-R),MSRM,,CSE422(55_PC-R),MSRM,,CSE422(55_PC-R),MSRM,,CSE324(58_A),SL,,CSE324(58_A),SL,,CSE324(58_A),SL,,,,,,,,,
(COM LAB),,,(COM LAB),,,(COM LAB),,,(COM LAB),,,(COM LAB),,,(COM LAB),,,(COM LAB),,,(COM LAB),,,(COM LAB),,
AB04-517(A1),,,AB04-517(A1),,,AB04-517(A1),,,AB04-517(A1),,,AB04-517(A1),,,AB04-517(A1),,,AB04-517(A1),,,AB04-517(A1),,,AB04-517(A1),,
,CSE335(56_C1),MA,,CSE335(56_C1),MA,,CSE335(56_C1),MA,,CSE415(56_PC-B1),FH,,CSE415(56_PC-B1),FH,,CSE415(56_PC-B1),FH,,,,,,,,,
(COM LAB),,,(COM LAB),,,(COM LAB),,,(COM LAB),,,(COM LAB),,,(COM LAB),,,(COM LAB),,,(COM LAB),,,(COM LAB),,
AB04-517(A2),,,AB04-517(A2),,,AB04-517(A2),,,AB04-517(A2),,,AB04-517(A2),,,AB04-517(A2),,,AB04-517(A2),,,AB04-517(A2),,,AB04-517(A2),,
,CSE415(56_C2),TI,,CSE415(56_C2),TI,,CSE415(56_C2),TI,,CSE335(56_PC-B2),ASN,,CSE335(56_PC-B2),ASN,,CSE335(56_PC-B2),ASN,,,,,,,,,
(COM LAB),,,(COM LAB),,,(COM LAB),,,(COM LAB),,,(COM LAB),,,(COM LAB),,,(COM LAB),,,(COM LAB),,,(COM LAB),,
AB04-517(B1),,,AB04-517(B1),,,AB04-517(B1),,,AB04-517(B1),,,AB04-517(B1),,,AB04-517(B1),,,AB04-517(B1),,,AB04-517(B1),,,AB04-517(B1),,
,,,,,,,,,,CSE335(56_A1),MHD,,CSE335(56_A1),MHD,,CSE335(56_A1),MHD,,,,,,,,,
(COM LAB),,,(COM LAB),,,(COM LAB),,,(COM LAB),,,(COM LAB),,,(COM LAB),,,(COM LAB),,,(COM LAB),,,(COM LAB),,
AB04-517(B2),,,AB04-517(B2),,,AB04-517(B2),,,AB04-517(B2),,,AB04-517(B2),,,AB04-517(B2),,,AB04-517(B2),,,AB04-517(B2),,,AB04-517(B2),,
,,,,,,,,,,CSE422(56_A2),NH,,CSE422(56_A2),NH,,CSE422(56_A2),NH,,,,,,,,,
(COM LAB),,,(COM LAB),,,(COM LAB),,,(COM LAB),,,(COM LAB),,,(COM LAB),,,(COM LAB),,,(COM LAB),,,(COM LAB),,
AB04-518,,,AB04-518,,,AB04-518,,,AB04-518,,,AB04-518,,,AB04-518,,,AB04-518,,,AB04-518,,,AB04-518,,
,CSE215(61_F),FHN,,CSE215(61_F),FHN,,CSE135(62_B),AAKN,,CSE135(62_B),AAKN,,CSE324(57_PC-B),MSZ,,CSE324(57_PC-B),MSZ,,CSE324(57_PC-B),MSZ,,,,,,
(COM LAB),,,(COM LAB),,,(COM LAB),,,(COM LAB),,,(COM LAB),,,(COM LAB),,,(COM LAB),,,(COM LAB),,,(COM LAB),,
AB04-811,,,AB04-811,,,AB04-811,,,AB04-811,,,AB04-811,,,AB04-811,,,AB04-811,,,AB04-811,,,AB04-811,,
,CSE415(55_PC-C),SM,,CSE415(55_PC-C),SM,,CSE415(55_PC-C),SM,,CSE422(55_PC-B),MNF,,CSE422(55_PC-B),MNF,,CSE422(55_PC-B),MNF,,,,,,,,,
(COM LAB),,,(COM LAB),,,(COM LAB),,,(COM LAB),,,(COM LAB),,,(COM LAB),,,(COM LAB),,,(COM LAB),,,(COM LAB),,
AB04-812,,,AB04-812,,,AB04-812,,,AB04-812,,,AB04-812,,,AB04-812,,,AB04-812,,,AB04-812,,,AB04-812,,
,CSE314(59_A),RAH,,CSE314(59_A),RAH,,CSE314(59_A),RAH,,CSE415(55_PC-D),TI,,CSE415(55_PC-D),TI,,CSE415(55_PC-D),TI,,,,,,,,,
(COM LAB),,,(COM LAB),,,(COM LAB),,,(COM LAB),,,(COM LAB),,,(COM LAB),,,(COM LAB),,,(COM LAB),,,(COM LAB),,
AB04-813(A),,,AB04-813(A),,,AB04-813(A),,,AB04-813(A),,,AB04-813(A),,,AB04-813(A),,,AB04-813(A),,,AB04-813(A),,,AB04-813(A),,
,CSE415(55_A),SNA,,CSE415(55_A),SNA,,CSE415(55_A),SNA,,CSE312(58_B),ZNT,,CSE312(58_B),ZNT,,CSE312(58_B),ZNT,,,,,,,,,
(COM LAB),,,(COM LAB),,,(COM LAB),,,(COM LAB),,,(COM LAB),,,(COM LAB),,,(COM LAB),,,(COM LAB),,,(COM LAB),,
AB04-814,,,AB04-814,,,AB04-814,,,AB04-814,,,AB04-814,,,AB04-814,,,AB04-814,,,AB04-814,,,AB04-814,,
,CSE422(55_PC-A),MNH,,CSE422(55_PC-A),MNH,,CSE422(55_PC-A),MNH,,CSE422(55_F),TRA,,CSE422(55_F),TRA,,CSE422(55_F),TRA,,Booked for ACM,,,Booked for ACM,,,Booked for ACM,
(COM LAB),,,(COM LAB),,,(COM LAB),,,(COM LAB),,,(COM LAB),,,(COM LAB),,,(COM LAB),,,(COM LAB),,,(COM LAB),,
AB02-301,,,AB02-301,,,AB02-301,,,AB02-301,,,AB02-301,,,AB02-301,,,AB02-301,,,AB02-301,,,AB02-301,,
(PHY LAB),,,(PHY LAB),,,(PHY LAB),,,(PHY LAB),,,(PHY LAB),,,(PHY LAB),,,(PHY LAB),,,(PHY LAB),,,(PHY LAB),,
AB02-302,,,AB02-302,,,AB02-302,,,AB02-302,,,AB02-302,,,AB02-302,,,AB02-302,,,AB02-302,,,AB02-302,,
(PHY LAB),,,(PHY LAB),,,(PHY LAB),,,(PHY LAB),,,(PHY LAB),,,(PHY LAB),,,(PHY LAB),,,(PHY LAB),,,(PHY LAB),,
AB04-815,,,AB04-815,,,AB04-815,,,AB04-815,,,AB04-815,,,AB04-815,,,AB04-815,,,AB04-815,,,AB04-815,,
(PHY LAB),,,(PHY LAB),,,(PHY LAB),,,(PHY LAB),,,(PHY LAB),,,(PHY LAB),,,(PHY LAB),,,(PHY LAB),,,(PHY LAB),,
AB04-816,,,AB04-816,,,AB04-816,,,AB04-816,,,AB04-816,,,AB04-816,,,AB04-816,,,AB04-816,,,AB04-816,,
(PHY LAB),,,(PHY LAB),,,(PHY LAB),,,(PHY LAB),,,(PHY LAB),,,(PHY LAB),,,(PHY LAB),,,(PHY LAB),,,(PHY LAB),,
,,,,,,,,,,,,,,,,CSE124(63_L)+CSE124,,,,,,,,,,
AB04-201,MAT101(64_E),MPL,AB04-201,CSE225(61_K),IN,AB04-201,ENG123(63_L),RS,AB04-201,CSE132(63_J),OI,AB04-201,MAT121(63_Q),FAM,AB04-201,,MRI,AB04-201,GED131(63_M),MMA,AB04-201,ENG123(63_M),RS,AB04-201,,
,,,,,,,,,,,,,,,,(63_M),,,,,,,,,,
AB04-208,GED131(63_A),MNF,AB04-208,CSE134(63_A),MSA,AB04-208,CSE325(57_PC-A),MM,AB04-208,CSE134(63_B),MSA,AB04-208,CSE325(57_B),AS,AB04-208,CSE334(57_B),MJA,AB04-208,CSE214(61_V),NIB,AB04-208,PHY101(64_C),MRRM,AB04-208,,
AB04-213,PHY101(64_I),SHA,AB04-213,GED131(62_H),SAA,AB04-213,CSE423(54_A),DTB,AB04-213,CSE325(57_PC-B),MM,AB04-213,CSE423(54_C),DTB,AB04-213,CSE498(54_C),FZA,AB04-213,CSE427(54_C),FAF,AB04-213,CSE426(54_C),MHI,AB04-213,Occupied for evening classes,
AB04-216,STA221(60_PC-F),AST,AB04-216,CSE235(60_PC-F),SH,AB04-216,ENG123(63_A),SML,AB04-216,MAT211(62_H),MSH,AB04-216,CSE226(60_PC-E),FKM,AB04-216,MAT211(62_G),BCD,AB04-216,CSE113(64_M),MUR,AB04-216,MAT211(62_E),BCD,AB04-216,,
AB04-217,CSE112(64_A),MIJ,AB04-217,CSE112(64_A),MIJ,AB04-217,ENG101(64_A),KN,AB04-217,CSE112(64_B),MIJ,AB04-217,CSE112(64_B),MIJ,AB04-217,ENG101(64_B),KN,AB04-217,CSE115(64_B),FI,AB04-217,MAT211(61_V),MR,AB04-217,CSE225(61_V),MA
AB04-218,CSE131(63_M),NJR,AB04-218,CSE414(56_PC-A),FH,AB04-218,CSE131(63_S),TT,AB04-218,CSE498(54_A),FZA,AB04-218,MAT211(61_D),MAH*,AB04-218,CSE426(54_A),MHI,AB04-218,CSE235(60_PC-E),MZI,AB04-218,CSE223(60_PC-E),ARS,AB04-218,,
AB04-219,PHY101(64_F),MRRM,AB04-219,MAT121(63_B),SP,AB04-219,CSE132(63_B),MAH,AB04-219,CSE115(64_A),FI,AB04-219,CSE236(59_PC-A),TA,AB04-219,ECO321(57_A),SMR,AB04-219,CSE325(57_A),AS,AB04-219,CSE214(61_T),ZZ,AB04-219,MAT211(61_T),MR
AB04-220,CSE131(63_B),MUM,AB04-220,MAT121(63_M),FAM,AB04-220,CSE134(63_M),ACC,AB04-220,CSE411(55_PC-A),THT,AB04-220,CSE423(55_PC-A),NIB,AB04-220,CSE333(56_B),AS,AB04-220,CSE336(56_PC-C),MUH,AB04-220,CSE414(56_PC-C),MAIT,AB04-220,CSE411(56_PC-C),MIN
AB04-221,CSE112(64_G),MUR,AB04-221,CSE115(64_R),MMH,AB04-221,ENG101(64_R),NAP,AB04-221,ENG101(64_E),KN,AB04-221,PHY101(64_E),MRRM,AB04-221,CSE115(64_N),MMH,AB04-221,MAT101(64_N),KK,AB04-221,CSE113(64_N),MUR,AB04-221,PHY101(64_N),MYA
AB04-222,CSE212(62_C),MNI,AB04-222,MAT211(62_F),MSH,AB04-222,CSE214(61_K),AAM,AB04-222,CSE112(64_M),MIS,AB04-222,PHY101(64_M),MYA,AB04-222,CSE214(61_J),FHE,AB04-222,ENG101(64_O),MH,AB04-222,GED216(61_R),AI,AB04-222,CSE225(61_R),GR
AB04-223,CSE411(55_D),RHK,AB04-223,CSE411(55_F),THT,AB04-223,CSE134(63_Q),ABA,AB04-223,CSE113(64_O),MUR,AB04-223,MAT101(64_O),KK,AB04-223,CSE131(63_I),MHM,AB04-223,GED131(63_I),NT,AB04-223,CSE134(63_I),AAK,AB04-223,CSE132(63_I),TH
AB04-224,CSE311(58_PC-C),AHS,AB04-224,GED131(63_Q),SA,AB04-224,MAT101(64_S),MMH*,AB04-224,CSE115(64_Q),MMH,AB04-224,CSE134(62_G),FNK,AB04-224,CSE411(55_PC-R),CAA,AB04-224,CSE134(62_H),FNK,AB04-224,CSE427(54_A),MAHN,AB04-224,,
AB04-302,CSE131(63_Q),TT,AB04-302,CSE214(60_PC-A),SMAH,AB04-302,CSE132(62_C),FF,AB04-302,MAT211(62_C),BCD,AB04-302,CSE132(62_B),FF,AB04-302,CSE134(63_R),ABA,AB04-302,CSE131(63_R),TT,AB04-302,ENG123(63_R),ZF,AB04-302,CSE132(63_R),MHK
AB04-303,CSE112(64_S),AAKA,AB04-303,CSE421(55_D),NNM,AB04-303,CSE225(61_F),AM,AB04-303,CSE423(55_D),UH,AB04-303,CSE414(55_D),SNA,AB04-303,CSE225(61_D),AM,AB04-303,CSE225(61_A),AM,AB04-303,MAT211(61_A),MAH*,AB04-303,GED216(61_A),RB
AB04-304,CSE233(60_PC-C),SAK,AB04-304,CSE113(64_S),MMI,AB04-304,CSE113(64_T),MMI,AB04-304,CSE115(64_T),TFS,AB04-304,CSE113(64_J),MMI,AB04-304,CSE423(55_G),MUH,AB04-304,CSE423(55_PC-K),MMRN,AB04-304,CSE411(55_PC-K),CAA,AB04-304,,
AB04-305,CSE225(60_PC-A),NRC,AB04-305,CSE225(60_PC-C),NRC,AB04-305,CSE134(63_J),TK,AB04-305,CSE131(62_G),DMR,AB04-305,CSE333(56_PC-A),NS,AB04-305,CSE333(56_PC-C),NS,AB04-305,CSE333(56_PC-B),NS,AB04-305,CSE214(61_B),TRR,AB04-305,MAT211(61_B),MAH*
AB04-306,CSE331(57_PC-A),SMTS,AB04-306,CSE331(57_PC-B),SMTS,AB04-306,CSE115(64_G),ZS,AB04-306,CSE115(64_H),ZS,AB04-306,CSE113(64_I),ATR,AB04-306,CSE115(64_I),ZS,AB04-306,CSE225(61_Y),SH,AB04-306,CSE112(64_I),MT,AB04-306,MAT211(61_N),SD
AB04-307,PHY101(64_R),MMS,AB04-307,CSE134(62_C),NIS,AB04-307,CSE214(61_N),HJ,AB04-307,CSE112(64_F),SS,AB04-307,CSE115(64_F),TFS,AB04-307,CSE134(62_A),AAKN,AB04-307,MAT121(63_P),FAM,AB04-307,GED131(63_P),SA,AB04-307,CSE132(63_P),MNF
AB04-318(A),MAT121(63_J),SS*,AB04-318(A),CSE131(62_D),SR,AB04-318(A),CSE334(56_PC-A),ASN,AB04-318(A),MAT101(64_K),MSA*,AB04-318(A),PHY101(64_K),SHA,AB04-318(A),MAT101(64_L),MSA*,AB04-318(A),PHY101(64_L),MYA,AB04-318(A),CSE235(59_B),MIS,AB04-318(A),ENG101(64_L),MH
AB04-318(B),CSE131(62_F),DMR,AB04-318(B),CSE112(64_E),DMR,AB04-318(B),CSE113(64_E),SI,AB04-318(B),CSE112(64_R),AAKA,AB04-318(B),CSE131(62_H),DMR,AB04-318(B),MAT211(61_X),MR,AB04-318(B),CSE236(59_B),MNH,AB04-318(B),MAT211(61_Q),SD,AB04-318(B),GED216(61_Q),AI
AB04-320,GED216(61_K),AAM*,AB04-320,CSE131(63_J),MHM,AB04-320,CSE113(64_K),FAF,AB04-320,CSE235(59_A),ZMK,AB04-320,CSE233(59_B),USA,AB04-320,ENG101(64_T),NAP,AB04-320,PHY101(64_T),MMS,AB04-320,CSE113(64_L),FAF,AB04-320,CSE112(64_T),MMF
AB04-801,STA221(60_A),TF,AB04-801,CSE225(60_A),MFH,AB04-801,GED131(62_A),ASNA,AB04-801,CSE411(55_A),MFH,AB04-801,CSE423(55_PC-F),MSHN,AB04-801,ENG123(63_K),RS,AB04-801,MAT211(61_J),PD,AB04-801,CSE423(55_PC-B),MTA,AB04-801,,
AB04-802,CSE311(58_A),ZNT,AB04-802,ECO321(58_A),MSB,AB04-802,CSE411(55_PC-B),AHN,AB04-802,GED131(62_E),ASNA,AB04-802,CSE411(55_PC-C),AHN,AB04-802,CSE134(62_E),NIS,AB04-802,CSE411(55_PC-D),AHN,AB04-802,GED216(61_J),NHA,AB04-802,,
AB04-803,ECO321(58_B),MSB,AB04-803,CSE313(58_B),MIS,AB04-803,CSE212(62_D),MNI,AB04-803,CSE336(56_C),MUH,AB04-803,CSE131(62_A),SR,AB04-803,MAT101(64_F),MPL,AB04-803,CSE131(62_B),SR,AB04-803,GED131(62_B),ASNA,AB04-803,CSE212(61_J),ZHZ
AB04-804,CSE423(54_E),LR,AB04-804,ECO321(58_PC-C),SMR,AB04-804,CSE423(55_B),LR,AB04-804,CSE134(62_D),NIS,AB04-804,CSE134(63_F),MZB,AB04-804,GED131(62_D),ASNA,AB04-804,CSE132(62_D),UH,AB04-804,CSE212(61_Z),TH,AB04-804,CSE214(61_Z),MT
AB04-813(B),MAT121(63_F),SP,AB04-813(B),CSE498(54_E),FZA,AB04-813(B),CSE426(54_E),MHI,AB04-813(B),CSE214(61_G),FHN,AB04-813(B),CSE427(54_E),FAF,AB04-813(B),CSE235(59_PC-B),ZMK,AB04-813(B),CSE212(62_E),MNI,AB04-813(B),GED216(61_Y),MKS,AB04-813(B),CSE214(61_Y),UH
AB04-1404,GED131(62_G),SAA,AB04-1404,CSE212(62_G),ZAS,AB04-1404,CSE132(62_E),UH,AB04-1404,CSE423(55_PC-R),MMRN,AB04-1404,CSE313(59_PC-B),RAH,AB04-1404,CSE421(55_PC-K),MSRM,AB04-1404,CSE132(63_S),MHK,AB04-1404,MAT121(63_S),MSH,AB04-1404,,
,,,,,,,,,,,"Lab (Electrical Circuit, Digital Electronics, Electronic Devices, and Circuits Lab)",,,,,,,,,,,,,,,
,08:30-09:30,,,09:30-10:30,,,10:30-11:30,,,11.30-12:30,,,12:30-01:30,,,01:30-02:30,,,02:30-03:30,,,03:30-04:30,,,04:30-05:30,
AB04-809,CSE133(62_A),FF,AB04-809,CSE133(62_A),FF,AB04-809,CSE133(62_F),DBZ,AB04-809,CSE133(62_F),DBZ,AB04-809,CSE133(63_A),MAH,AB04-809,CSE133(63_A),MAH,AB04-809,CSE133(63_K),OI,AB04-809,CSE133(63_K),OI,AB04-809,,
AB04-810,,,AB04-810,CSE133(63_F),MSHN,AB04-810,CSE133(63_F),MSHN,AB04-810,CSE224(60_PC-A),ARS,AB04-810,CSE224(60_PC-A),ARS,AB04-810,CSE224(60_PC-A),ARS,AB04-810,CSE213(61_G),SMC,AB04-810,CSE213(61_G),SMC,AB04-810,CSE213(61_G),SMC
AB03-103,CSE213(61_D),MB,AB03-103,CSE213(61_D),MB,AB03-103,CSE213(61_D),MB,AB03-103,CSE224(60_PC-F),DS,AB03-103,CSE224(60_PC-F),DS,AB03-103,CSE224(60_PC-F),DS,AB03-103,Occupied by ICE,,AB03-103,Occupied by ICE,,AB03-103,,
EC-106,CSE213(61_U),MMRN,EC-106,CSE213(61_U),MMRN,EC-106,CSE213(61_U),MMRN,EC-106,CSE213(61_N),NAA,EC-106,CSE213(61_N),NAA,EC-106,CSE213(61_N),NAA,EC-106,CSE213(61_X),DBZ,EC-106,CSE213(61_X),DBZ,EC-106,CSE213(61_X),DBZ
LAB-TBA1,,,LAB-TBA1,,,LAB-TBA1,,,LAB-TBA1,,,LAB-TBA1,,,LAB-TBA1,,,LAB-TBA1,CSE213(61_W),SCH,LAB-TBA1,CSE213(61_W),SCH,LAB-TBA1,CSE213(61_W),SCH
,,,,,,,,,,,,,Wednesday,,,,,,,,,,,,,
,08:30-09:30,,,09:30-10:30,,,10:30-11:30,,,11.30-12:30,,,12:30-01:30,,,01:30-02:30,,,02:30-03:30,,,03:30-04:30,,,04:30-05:30,
Room,Course,Teacher,Room,Course,Teacher,Room,Course,Teacher,,,,Room,Course,Teacher,Room,Course,Teacher,Room,Course,Teacher,Room,Course,Teacher,Room,Course,Teacher
AB04-502,,,AB04-502,,,AB04-502,,,,,,AB04-502,,,AB04-502,,,AB04-502,,,AB04-502,,,AB04-502,,
(ROBOTICS LAB),,,(ROBOTICS LAB),,,(ROBOTICS LAB),,,,,,(ROBOTICS LAB),,,(ROBOTICS LAB),,,(ROBOTICS LAB),,,(ROBOTICS LAB),,,(ROBOTICS LAB),,
AB04-613,,,AB04-613,,,AB04-613,,,,,,AB04-613,,,AB04-613,,,AB04-613,,,AB04-613,,,AB04-613,,
(DAFFODIL,,,(DAFFODIL,,,(DAFFODIL,,,,,,(DAFFODIL,,,(DAFFODIL,,,(DAFFODIL,,,(DAFFODIL,,,(DAFFODIL,,
ROBOTICS LAB),,,ROBOTICS LAB),,,ROBOTICS LAB),,,,,,ROBOTICS LAB),,,ROBOTICS LAB),,,ROBOTICS LAB),,,ROBOTICS LAB),,,ROBOTICS LAB),,
AB04-501(A),,,AB04-501(A),,,AB04-501(A),,,,,,AB04-501(A),,,AB04-501(A),,,AB04-501(A),,,AB04-501(A),,,AB04-501(A),,
,CSE335(57_PC-B),MJA,,CSE335(57_PC-B),MJA,,CSE335(57_PC-B),MJA,,,,,CSE114(64_L),FAF,,CSE114(64_L),FAF,,CSE114(64_L),FAF,,,,,,
(COM LAB),,,(COM LAB),,,(COM LAB),,,,,,(COM LAB),,,(COM LAB),,,(COM LAB),,,(COM LAB),,,(COM LAB),,
AB04-501(B),,,AB04-501(B),,,AB04-501(B),,,,,,AB04-501(B),,,AB04-501(B),,,AB04-501(B),,,AB04-501(B),,,AB04-501(B),,
,CSE215(61_G),FHN,,CSE215(61_G),FHN,,,,,,,,CSE234(59_PC-B),SZ,,CSE234(59_PC-B),SZ,,CSE234(59_PC-B),SZ,,,,,,
(COM LAB),,,(COM LAB),,,(COM LAB),,,,,,(COM LAB),,,(COM LAB),,,(COM LAB),,,(COM LAB),,,(COM LAB),,
AB04-503,,,AB04-503,,,AB04-503,,,,,,AB04-503,,,AB04-503,,,AB04-503,,,AB04-503,,,AB04-503,,
,CSE324(58_B),SL,,CSE324(58_B),SL,,CSE324(58_B),SL,,,,,CSE114(64_S),MMI,,CSE114(64_S),MMI,,CSE114(64_S),MMI,,,,,,
(COM LAB),,,(COM LAB),,,(COM LAB),,,,,,(COM LAB),,,(COM LAB),,,(COM LAB),,,(COM LAB),,,(COM LAB),,
AB04-504,,,AB04-504,,,AB04-504,,,,,,AB04-504,,,AB04-504,,,AB04-504,,,AB04-504,,,AB04-504,,
,CSE215(61_W),NIB,,CSE215(61_W),NIB,,,,,,,,CSE135(62_I),FA-C,,CSE135(62_I),FA-C,,CSE312(58_A),ZNT,,CSE312(58_A),ZNT,,CSE312(58_A),ZNT
(COM LAB),,,(COM LAB),,,(COM LAB),,,,,,(COM LAB),,,(COM LAB),,,(COM LAB),,,(COM LAB),,,(COM LAB),,
AB04-510,,,AB04-510,,,AB04-510,,,,,,AB04-510,,,AB04-510,,,AB04-510,,,AB04-510,,,AB04-510,,
,CSE234(60_PC-F),SAK,,CSE234(60_PC-F),SAK,,CSE234(60_PC-F),SAK,,,,,CSE324(57_PC-A),MSZ,,CSE324(57_PC-A),MSZ,,CSE324(57_PC-A),MSZ,,,,,,
(COM LAB),,,(COM LAB),,,(COM LAB),,,,,,(COM LAB),,,(COM LAB),,,(COM LAB),,,(COM LAB),,,(COM LAB),,
AB04-513,,,AB04-513,,,AB04-513,,,,,,AB04-513,,,AB04-513,,,AB04-513,,,AB04-513,,,AB04-513,,
,CSE135(63_B),MSA,,CSE135(63_B),MSA,,,,,,,,CSE322(57_A),ATR,,CSE322(57_A),ATR,,CSE322(57_A),ATR,,,,,,
(COM LAB),,,(COM LAB),,,(COM LAB),,,,,,(COM LAB),,,(COM LAB),,,(COM LAB),,,(COM LAB),,,(COM LAB),,
AB04-514,,,AB04-514,,,AB04-514,,,,,,AB04-514,,,AB04-514,,,AB04-514,,,AB04-514,,,AB04-514,,
,CSE215(60_PC-D),FTJ,,CSE215(60_PC-D),FTJ,,CSE215(60_PC-D),FTJ,,,,,CSE422(55_C),NNM,,CSE422(55_C),NNM,,CSE422(55_C),NNM,,,,,,
(COM LAB),,,(COM LAB),,,(COM LAB),,,,,,(COM LAB),,,(COM LAB),,,(COM LAB),,,(COM LAB),,,(COM LAB),,
AB04-515,,,AB04-515,,,AB04-515,,,,,,AB04-515,,,AB04-515,,,AB04-515,,,AB04-515,,,AB04-515,,
,,,,CSE135(63_E),USA,,CSE135(63_E),USA,,,,,CSE415(55_D),SNA,,CSE415(55_D),SNA,,CSE415(55_D),SNA,,,,,,
(COM LAB),,,(COM LAB),,,(COM LAB),,,,,,(COM LAB),,,(COM LAB),,,(COM LAB),,,(COM LAB),,,(COM LAB),,
AB04-516,,,AB04-516,,,AB04-516,,,,,,AB04-516,,,AB04-516,,,AB04-516,,,AB04-516,,,AB04-516,,
,,,,CSE135(63_Q),ABA,,CSE135(63_Q),ABA,,,,,CSE135(62_F),LI,,CSE135(62_F),LI,,CSE422(55_PC-L),MSRM,,CSE422(55_PC-L),MSRM,,CSE422(55_PC-L),MSRM
(COM LAB),,,(COM LAB),,,(COM LAB),,,,,,(COM LAB),,,(COM LAB),,,(COM LAB),,,(COM LAB),,,(COM LAB),,
AB04-517(A1),,,AB04-517(A1),,,AB04-517(A1),,,,,,AB04-517(A1),,,AB04-517(A1),,,AB04-517(A1),,,AB04-517(A1),,,AB04-517(A1),,
,CSE415(56_B1),MAIT,,CSE415(56_B1),MAIT,,CSE415(56_B1),MAIT,,,,,CSE422(56_PC-B2),IJN,,CSE422(56_PC-B2),IJN,,CSE422(56_PC-B2),IJN,,,,,,
(COM LAB),,,(COM LAB),,,(COM LAB),,,,,,(COM LAB),,,(COM LAB),,,(COM LAB),,,(COM LAB),,,(COM LAB),,
AB04-517(A2),,,AB04-517(A2),,,AB04-517(A2),,,,,,AB04-517(A2),,,AB04-517(A2),,,AB04-517(A2),,,AB04-517(A2),,,AB04-517(A2),,
,CSE422(56_B2),NH,,CSE422(56_B2),NH,,CSE422(56_B2),NH,,,,,CSE335(56_PC-B1),ASN,,CSE335(56_PC-B1),ASN,,CSE335(56_PC-B1),ASN,,,,,,
(COM LAB),,,(COM LAB),,,(COM LAB),,,,,,(COM LAB),,,(COM LAB),,,(COM LAB),,,(COM LAB),,,(COM LAB),,
AB04-517(B1),,,AB04-517(B1),,,AB04-517(B1),,,,,,AB04-517(B1),,,AB04-517(B1),,,AB04-517(B1),,,AB04-517(B1),,,AB04-517(B1),,
(COM LAB),,,(COM LAB),,,(COM LAB),,,,,,(COM LAB),,,(COM LAB),,,(COM LAB),,,(COM LAB),,,(COM LAB),,
AB04-517(B2),,,AB04-517(B2),,,AB04-517(B2),,,,,,AB04-517(B2),,,AB04-517(B2),,,AB04-517(B2),,,AB04-517(B2),,,AB04-517(B2),,
(COM LAB),,,(COM LAB),,,(COM LAB),,,,,,(COM LAB),,,(COM LAB),,,(COM LAB),,,(COM LAB),,,(COM LAB),,
AB04-518,,,AB04-518,,,AB04-518,,,,,,AB04-518,,,AB04-518,,,AB04-518,,,AB04-518,,,AB04-518,,
,CSE312(59_B),AHS,,CSE312(59_B),AHS,,CSE312(59_B),AHS,,,,,CSE135(63_N),ACC,,CSE135(63_N),ACC,,CSE415(55_PC-I),NK,,CSE415(55_PC-I),NK,,CSE415(55_PC-I),NK
(COM LAB),,,(COM LAB),,,(COM LAB),,,,,,(COM LAB),,,(COM LAB),,,(COM LAB),,,(COM LAB),,,(COM LAB),,
AB04-811,,,AB04-811,,,AB04-811,,,,,,AB04-811,,,AB04-811,,,AB04-811,,,AB04-811,,,AB04-811,,
,CSE415(55_PC-H),RKR,,CSE415(55_PC-H),RKR,,CSE415(55_PC-H),RKR,,,,,CSE135(63_I),MFHN,,CSE135(63_I),MFHN,,CSE215(61_S),ZZ,,CSE215(61_S),ZZ,,,
(COM LAB),,,(COM LAB),,,(COM LAB),,,,,,(COM LAB),,,(COM LAB),,,(COM LAB),,,(COM LAB),,,(COM LAB),,
AB04-812,,,AB04-812,,,AB04-812,,,,,,AB04-812,,,AB04-812,,,AB04-812,,,AB04-812,,,AB04-812,,
,CSE314(58_PC-A),MIS,,CSE314(58_PC-A),MIS,,CSE314(58_PC-A),MIS,,,,,CSE234(60_PC-B),KMM,,CSE234(60_PC-B),KMM,,CSE234(60_PC-B),KMM,,,,,,
(COM LAB),,,(COM LAB),,,(COM LAB),,,,,,(COM LAB),,,(COM LAB),,,(COM LAB),,,(COM LAB),,,(COM LAB),,
AB04-813(A),,,AB04-813(A),,,AB04-813(A),,,,,,AB04-813(A),,,AB04-813(A),,,AB04-813(A),,,AB04-813(A),,,AB04-813(A),,
,CSE415(55_I),CAA,,CSE415(55_I),CAA,,CSE415(55_I),CAA,,,,,CSE314(59_PC-C),RAH,,CSE314(59_PC-C),RAH,,CSE314(59_PC-C),RAH,,,,,,
(COM LAB),,,(COM LAB),,,(COM LAB),,,,,,(COM LAB),,,(COM LAB),,,(COM LAB),,,(COM LAB),,,(COM LAB),,
AB04-814,,,AB04-814,,,AB04-814,,,,,,AB04-814,,,AB04-814,,,AB04-814,,,AB04-814,,,AB04-814,,
,,,,CSE215(61_T),ZZ,,CSE215(61_T),ZZ,,,,,CSE415(55_H),JAP,,CSE415(55_H),JAP,,CSE415(55_H),JAP,,,,,,
(COM LAB),,,(COM LAB),,,(COM LAB),,,,,,(COM LAB),,,(COM LAB),,,(COM LAB),,,(COM LAB),,,(COM LAB),,
AB02-301,,,AB02-301,,,AB02-301,,,,,,AB02-301,,,AB02-301,,,AB02-301,,,AB02-301,,,AB02-301,,
(PHY LAB),,,(PHY LAB),,,(PHY LAB),,,,,,(PHY LAB),,,(PHY LAB),,,(PHY LAB),,,(PHY LAB),,,(PHY LAB),,
AB02-302,,,AB02-302,,,AB02-302,,,,,,AB02-302,,,AB02-302,,,AB02-302,,,AB02-302,,,AB02-302,,
(PHY LAB),,,(PHY LAB),,,(PHY LAB),,,,Departmental Meeting,,(PHY LAB),,,(PHY LAB),,,(PHY LAB),,,(PHY LAB),,,(PHY LAB),,
,,,,,,,,,,Departmental Meeting,,,,,,,,,,,,,,,,
AB04-815,,,AB04-815,,,AB04-815,,,,,,AB04-815,,,AB04-815,,,AB04-815,,,AB04-815,,,AB04-815,,
(PHY LAB),,,(PHY LAB),,,(PHY LAB),,,,,,(PHY LAB),,,(PHY LAB),,,(PHY LAB),,,(PHY LAB),,,(PHY LAB),,
AB04-816,,,AB04-816,,,AB04-816,,,,,,AB04-816,,,AB04-816,,,AB04-816,,,AB04-816,,,AB04-816,,
(PHY LAB),,,(PHY LAB),,,(PHY LAB),,,,,,(PHY LAB),,,(PHY LAB),,,(PHY LAB),,,(PHY LAB),,,(PHY LAB),,
AB04-201,MAT211(61_J),PD,AB04-201,CSE214(61_J),FHE,AB04-201,GED131(63_P),SA,,,,AB04-201,CSE225(61_L),IN,AB04-201,CSE132(63_M),OI,AB04-201,CSE423(55_E),UH,AB04-201,CSE212(61_T),SCH,AB04-201,,
AB04-208,CSE225(61_P),UA,AB04-208,CSE214(61_P),MUM,AB04-208,CSE134(63_B),MSA,,,,AB04-208,CSE326(57_PC-B),MSA,AB04-208,CSE321(57_PC-B),ZH,AB04-208,CSE233(60_PC-E),SAK,AB04-208,STA221(60_PC-E),AST,AB04-208,CSE225(60_PC-E),MHS
AB04-213,MAT211(61_A),MAH*,AB04-213,CSE214(61_A),MM,AB04-213,CSE214(61_A),MM,,,,AB04-213,CSE311(58_PC-A),TFS,AB04-213,PHY101(64_G),SHA,AB04-213,MAT101(64_G),MSA*,AB04-213,ENG101(64_G),AJS,AB04-213,,
AB04-216,CSE411(55_E),THT,AB04-216,CSE421(55_E),TRA,AB04-216,CSE414(55_E),JAP,,,,AB04-216,CSE411(55_I),THT,AB04-216,CSE411(55_PC-I),CAA,AB04-216,CSE214(60_PC-F),SS,AB04-216,CSE336(56_PC-B),MHIM,AB04-216,CSE411(56_PC-B),MIN
AB04-217,CSE214(61_Q),MUM,AB04-217,MAT211(61_Q),SD,AB04-217,CSE411(55_C),SZ,,,,AB04-217,MAT101(64_I),MSA*,AB04-217,ENG101(64_I),AJS,AB04-217,CSE421(55_PC-D),THN,AB04-217,CSE313(58_PC-B),MIS,AB04-217,,
AB04-218,CSE214(61_E),MFHN,AB04-218,MAT211(61_E),MAH*,AB04-218,PHY101(64_I),SHA,,,,AB04-218,CSE112(64_K),DS,AB04-218,CSE334(56_C),MA,AB04-218,CSE333(56_C),AS,AB04-218,CSE411(56_C),MIN,AB04-218,CSE421(56_C),ZMK
AB04-219,PHY101(64_A),AKA,AB04-219,ENG101(64_A),KN,AB04-219,CSE115(64_S),MMH,,,,AB04-219,CSE115(64_O),MMH,AB04-219,MAT101(64_O),KK,AB04-219,GED216(61_T),AI,AB04-219,PHY101(64_O),MYA,AB04-219,CSE112(64_O),TI
AB04-220,CSE214(61_B),TRR,AB04-220,CSE131(63_G),MHM,AB04-220,CSE112(64_L),ZMK,,,,AB04-220,CSE225(60_PC-F),MUH,AB04-220,PHY101(64_P),MYA,AB04-220,CSE225(60_PC-G),MUH,AB04-220,CSE226(60_PC-F),TA,AB04-220,,
AB04-221,CSE225(61_K),IN,AB04-221,CSE214(61_K),AAM,AB04-221,GED131(63_G),NT,,,,AB04-221,MAT121(63_G),SS*,AB04-221,CSE333(56_B),AS,AB04-221,CSE115(64_P),MMH,AB04-221,CSE113(64_P),KD,AB04-221,,
AB04-222,MAT121(63_R),MSH,AB04-222,ENG123(63_R),ZF,AB04-222,CSE131(63_R),TT,,,,AB04-222,ENG123(63_E),SML,AB04-222,CSE134(63_R),ABA,AB04-222,CSE334(56_B),MHD,AB04-222,MAT211(61_L),PD,AB04-222,CSE214(61_L),AAM
AB04-223,ENG101(64_Q),AA,AB04-223,PHY101(64_Q),MMS,AB04-223,CSE113(64_Q),KD,,,,AB04-223,CSE235(60_PC-A),MZI,AB04-223,ENG123(63_Q),ZF,AB04-223,CSE311(58_PC-B),TFS,AB04-223,GED131(63_R),SA,AB04-223,,
AB04-224,CSE421(55_H),TRA,AB04-224,CSE134(63_P),MJZ,AB04-224,CSE411(55_H),THT,,,,AB04-224,CSE311(59_B),NIS,AB04-224,CSE131(63_F),FNK,AB04-224,CSE236(59_B),MNH,AB04-224,PHY101(64_B),MRRM,AB04-224,,
AB04-302,CSE131(63_P),TT,AB04-302,CSE112(64_C),SMAH,AB04-302,CSE214(60_PC-A),SMAH,,,,AB04-302,CSE112(64_Q),FTJ,AB04-302,CSE131(63_O),TT,AB04-302,MAT121(63_O),FAM,AB04-302,CSE214(60_PC-G),SS,AB04-302,,
AB04-303,CSE132(63_L),OI,AB04-303,CSE233(60_PC-A),KMM,AB04-303,CSE134(62_B),AAKN,,,,AB04-303,CSE323(58_A),SL,AB04-303,CSE223(60_PC-A),ARS,AB04-303,CSE225(60_PC-D),MHS,AB04-303,CSE134(63_H),AAK,AB04-303,,
AB04-304,CSE225(61_C),AM,AB04-304,CSE225(61_B),AM,AB04-304,CSE321(57_PC-A),ZH,,,,AB04-304,CSE115(64_B),FI,AB04-304,PHY101(64_D),MRRM,AB04-304,CSE115(64_D),FI,AB04-304,CSE113(64_D),ZA,AB04-304,,
AB04-305,CSE225(60_PC-A),NRC,AB04-305,CSE134(63_L),TK,AB04-305,CSE113(64_A),SRH,,,,AB04-305,CSE113(64_C),SRH,AB04-305,CSE113(64_B),SRH,AB04-305,CSE131(63_C),AAKN,AB04-305,GED216(61_D),RB,AB04-305,CSE212(61_D),MB
AB04-306,CSE331(57_A),SMTS,AB04-306,CSE331(57_PC-A),SMTS,AB04-306,CSE112(64_D),MMI,,,,AB04-306,CSE134(62_A),AAKN,AB04-306,ENG101(64_C),KN,AB04-306,ENG101(64_E),KN,AB04-306,CSE115(64_E),TFS,AB04-306,,
AB04-307,CSE134(63_K),TK,AB04-307,CSE326(57_A),AS,AB04-307,CSE132(63_K),OI,,,,AB04-307,CSE113(64_G),SI,AB04-307,STA221(60_PC-G),AST,AB04-307,CSE315(58_PC-A),MAHN,AB04-307,CSE132(63_I),TH,AB04-307,,
AB04-318(A),CSE235(60_PC-B),MZI,AB04-318(A),MAT101(64_J),MSA*,AB04-318(A),CSE225(61_W),MA,,,,AB04-318(A),CSE311(58_B),ZNT,AB04-318(A),CSE315(58_B),MAHN,AB04-318(A),GED131(63_M),MMA,AB04-318(A),CSE134(62_J),FA-C,AB04-318(A),,
AB04-318(B),PHY101(64_J),SHA,AB04-318(B),CSE214(60_PC-B),SI,AB04-318(B),ENG101(64_J),NAP,,,,AB04-318(B),CSE115(64_J),ZS,AB04-318(B),CSE115(64_K),ZS,AB04-318(B),CSE214(60_PC-C),FTJ,AB04-318(B),CSE231(59_A),PDS,AB04-318(B),,
AB04-320,CSE132(63_Q),MHHN,AB04-320,CSE214(61_C),MHIM,AB04-320,CSE113(64_K),FAF,,,,AB04-320,CSE131(63_K),MHM,AB04-320,CSE311(59_A),AHS,AB04-320,CSE131(63_B),MUM,AB04-320,CSE214(61_M),HJ,AB04-320,,
AB04-801,CSE421(55_PC-E),MMF,AB04-801,CSE414(55_PC-D),SM,AB04-801,MAT211(61_K),PD,,,,AB04-801,CSE423(55_PC-D),MTA,AB04-801,CSE134(63_C),MZB,AB04-801,CSE214(61_D),MHIM,AB04-801,MAT121(63_C),SP,AB04-801,GED131(63_C),SCH
AB04-802,CSE411(55_PC-F),AHN,AB04-802,CSE423(55_PC-E),MTA,AB04-802,CSE411(55_PC-E),AHN,,,,AB04-802,CSE411(55_PC-H),AHN,AB04-802,CSE421(55_PC-H),MMF,AB04-802,CSE134(62_C),NIS,AB04-802,CSE423(55_D),UH,AB04-802,MAT211(61_S),MR
AB04-803,GED131(63_E),TRN,AB04-803,ENG123(63_I),MA*,AB04-803,MAT121(63_L),SS*,,,,AB04-803,GED131(63_L),NT,AB04-803,CSE131(63_A),MUM,AB04-803,MAT121(63_A),SP,AB04-803,ENG123(63_A),SML,AB04-803,,
AB04-804,PHY101(64_S),MMS,AB04-804,GED131(62_J),SAA,AB04-804,CSE225(61_J),IN,,,,AB04-804,CSE214(60_PC-E),HJ,AB04-804,ENG123(63_B),SML,AB04-804,GED131(62_A),ASNA,AB04-804,MAT211(62_A),BCD,AB04-804,CSE212(62_A),MHK
AB04-813(B),ENG123(63_F),MA*,AB04-813(B),CSE134(63_F),MZB,AB04-813(B),CSE311(59_PC-B),FKM,,,,AB04-813(B),STA221(60_PC-C),AST,AB04-813(B),CSE235(60_PC-C),MZI,AB04-813(B),CSE233(59_A),NJR,AB04-813(B),GED131(62_C),ASNA,AB04-813(B),,
AB04-1404,GED131(63_N),MMA,AB04-1404,MAT121(63_N),FAM,AB04-1404,MAT121(63_F),SP,,,,AB04-1404,CSE212(62_B),MHK,AB04-1404,CSE423(55_PC-L),MMRN,AB04-1404,MAT121(63_I),SS*,AB04-1404,CSE235(59_PC-C),ZMK,AB04-1404,CSE237(59_PC-C),MDSH
,,,,,,,,,,,"Lab (Electrical Circuit, Digital Electronics, Electronic Devices, and Circuits Lab)",,,,,,,,,,,,,,,
,08:30-09:30,,,09:30-10:30,,,10:30-11:30,,,,,,12:30-01:30,,,01:30-02:30,,,02:30-03:30,,,03:30-04:30,,,04:30-05:30,
AB04-809,CSE133(62_B),FF,AB04-809,CSE133(62_B),FF,AB04-809,,,,,,AB04-809,CSE133(62_C),FF,AB04-809,CSE133(62_C),FF,AB04-809,CSE213(62_F),MNI,AB04-809,CSE213(62_F),MNI,AB04-809,CSE213(62_F),MNI
AB04-810,CSE224(60_PC-C),ARS,AB04-810,CSE224(60_PC-C),ARS,AB04-810,CSE224(60_PC-C),ARS,,,,AB04-810,CSE213(62_J),ZAS,AB04-810,CSE213(62_J),ZAS,AB04-810,CSE213(62_J),ZAS,AB04-810,CSE133(62_I),TR,AB04-810,CSE133(62_I),TR
AB03-103,Occupied by ICE,,AB03-103,Occupied by ICE,,AB03-103,Occupied by ICE,,,Departmental Meeting,,AB03-103,Occupied by ICE,,AB03-103,Occupied by ICE,,AB03-103,Occupied by ICE,,AB03-103,Occupied by ICE,,AB03-103,,
EC-106,CSE224(60_PC-G),DS,EC-106,CSE224(60_PC-G),DS,EC-106,CSE224(60_PC-G),DS,,,,EC-106,CSE133(63_H),TH,EC-106,CSE133(63_H),TH,EC-106,CSE213(61_Q),MJZ,EC-106,CSE213(61_Q),MJZ,EC-106,CSE213(61_Q),MJZ
LAB-TBA1,CSE213(61_M),NAA,LAB-TBA1,CSE213(61_M),NAA,LAB-TBA1,CSE213(61_M),NAA,,,,LAB-TBA1,CSE213(61_B),MB,LAB-TBA1,CSE213(61_B),MB,LAB-TBA1,CSE213(61_B),MB,LAB-TBA1,,,LAB-TBA1,,
LAB-TBA2,,,LAB-TBA2,,,LAB-TBA2,,,,,,LAB-TBA2,CSE133(63_P),MHHN,LAB-TBA2,CSE133(63_P),MHHN,LAB-TBA2,,,LAB-TBA2,,,LAB-TBA2,,
,,,,,,,,,,,,,Thursday,,,,,,,,,,,,,
,08:30-09:30,,,09:30-10:30,,,10:30-11:30,,,11.30-12:30,,,12:30-01:30,,,01:30-02:30,,,02:30-03:30,,,03:30-04:30,,,04:30-05:30,
Room,Course,Teacher,Room,Course,Teacher,Room,Course,Teacher,Room,Course,Teacher,Room,Course,Teacher,Room,Course,Teacher,Room,Course,Teacher,Room,Course,Teacher,Room,Course,Teacher
AB04-502,,,AB04-502,,,AB04-502,,,AB04-502,,,AB04-502,,,AB04-502,,,AB04-502,,,AB04-502,,,AB04-502,,
(ROBOTICS LAB),,,(ROBOTICS LAB),,,(ROBOTICS LAB),,,(ROBOTICS LAB),,,(ROBOTICS LAB),,,(ROBOTICS LAB),,,(ROBOTICS LAB),,,(ROBOTICS LAB),,,(ROBOTICS LAB),,
AB04-613,,,AB04-613,,,AB04-613,,,AB04-613,,,AB04-613,,,AB04-613,,,AB04-613,,,AB04-613,,,AB04-613,,
(DAFFODIL,,,(DAFFODIL,,,(DAFFODIL,,,(DAFFODIL,,,(DAFFODIL,,,(DAFFODIL,,,(DAFFODIL,,,(DAFFODIL,,,(DAFFODIL,,
ROBOTICS LAB),,,ROBOTICS LAB),,,ROBOTICS LAB),,,ROBOTICS LAB),,,ROBOTICS LAB),,,ROBOTICS LAB),,,ROBOTICS LAB),,,ROBOTICS LAB),,,ROBOTICS LAB),,
AB04-501(A),,,AB04-501(A),,,AB04-501(A),,,AB04-501(A),,,AB04-501(A),,,AB04-501(A),,,AB04-501(A),,,AB04-501(A),,,AB04-501(A),,
,CSE422(56_PC-B1),IJN,,CSE422(56_PC-B1),IJN,,CSE422(56_PC-B1),IJN,,CSE322(57_PC-B),ZH,,CSE322(57_PC-B),ZH,,CSE322(57_PC-B),ZH,,CSE422(55_PC-H),MMF,,CSE422(55_PC-H),MMF,,CSE422(55_PC-H),MMF
(COM LAB),,,(COM LAB),,,(COM LAB),,,(COM LAB),,,(COM LAB),,,(COM LAB),,,(COM LAB),,,(COM LAB),,,(COM LAB),,
AB04-501(B),,,AB04-501(B),,,AB04-501(B),,,AB04-501(B),,,AB04-501(B),,,AB04-501(B),,,AB04-501(B),,,AB04-501(B),,,AB04-501(B),,
,CSE415(56_PC-B2),FH,,CSE415(56_PC-B2),FH,,CSE415(56_PC-B2),FH,,CSE316(58_B),MAHN,,CSE316(58_B),MAHN,,CSE316(58_B),MAHN,,,,,,,,,
(COM LAB),,,(COM LAB),,,(COM LAB),,,(COM LAB),,,(COM LAB),,,(COM LAB),,,(COM LAB),,,(COM LAB),,,(COM LAB),,
AB04-503,,,AB04-503,,,AB04-503,,,AB04-503,,,AB04-503,,,AB04-503,,,AB04-503,,,AB04-503,,,AB04-503,,
,CSE324(57_B),MSZ,,CSE324(57_B),MSZ,,CSE324(57_B),MSZ,,CSE316(58_PC-B),MTA,,CSE316(58_PC-B),MTA,,CSE316(58_PC-B),MTA,,CSE314(59_B),FI,,CSE314(59_B),FI,,CSE314(59_B),FI
(COM LAB),,,(COM LAB),,,(COM LAB),,,(COM LAB),,,(COM LAB),,,(COM LAB),,,(COM LAB),,,(COM LAB),,,(COM LAB),,
AB04-504,,,AB04-504,,,AB04-504,,,AB04-504,,,AB04-504,,,AB04-504,,,AB04-504,,,AB04-504,,,AB04-504,,
,CSE234(60_PC-A),KMM,,CSE234(60_PC-A),KMM,,CSE234(60_PC-A),KMM,,CSE215(61_C),MHIM,,CSE215(61_C),MHIM,,,,,,,,,,,,
(COM LAB),,,(COM LAB),,,(COM LAB),,,(COM LAB),,,(COM LAB),,,(COM LAB),,,(COM LAB),,,(COM LAB),,,(COM LAB),,
AB04-510,,,AB04-510,,,AB04-510,,,AB04-510,,,AB04-510,,,AB04-510,,,AB04-510,,,AB04-510,,,AB04-510,,
,,,,,,,CSE135(62_J),FA-C,,CSE135(62_J),FA-C,,CSE135(63_G),MFHN,,CSE135(63_G),MFHN,,,,,,,,,
(COM LAB),,,(COM LAB),,,(COM LAB),,,(COM LAB),,,(COM LAB),,,(COM LAB),,,(COM LAB),,,(COM LAB),,,(COM LAB),,
AB04-513,,,AB04-513,,,AB04-513,,,AB04-513,,,AB04-513,,,AB04-513,,,AB04-513,,,AB04-513,,,AB04-513,,
,CSE314(59_PC-B),RAH,,CSE314(59_PC-B),RAH,,CSE314(59_PC-B),RAH,,CSE215(61_N),HJ,,CSE215(61_N),HJ,,CSE135(62_H),FNK,,CSE135(62_H),FNK,,,,,,
(COM LAB),,,(COM LAB),,,(COM LAB),,,(COM LAB),,,(COM LAB),,,(COM LAB),,,(COM LAB),,,(COM LAB),,,(COM LAB),,
AB04-514,,,AB04-514,,,AB04-514,,,AB04-514,,,AB04-514,,,AB04-514,,,AB04-514,,,AB04-514,,,AB04-514,,
,CSE215(61_B),TRR,,CSE215(61_B),TRR,,,,,CSE324(58_PC-C),NJR,,CSE324(58_PC-C),NJR,,CSE324(58_PC-C),NJR,,,,,,,,,
(COM LAB),,,(COM LAB),,,(COM LAB),,,(COM LAB),,,(COM LAB),,,(COM LAB),,,(COM LAB),,,(COM LAB),,,(COM LAB),,
AB04-515,,,AB04-515,,,AB04-515,,,AB04-515,,,AB04-515,,,AB04-515,,,AB04-515,,,AB04-515,,,AB04-515,,
,Booked for ACM,,,Booked for ACM,,,Booked for ACM,,,Booked for ACM,,,Booked for ACM,,,Booked for ACM,,,Booked for ACM,,,Booked for ACM,,,Booked for ACM,
(COM LAB),,,(COM LAB),,,(COM LAB),,,(COM LAB),,,(COM LAB),,,(COM LAB),,,(COM LAB),,,(COM LAB),,,(COM LAB),,
AB04-516,,,AB04-516,,,AB04-516,,,AB04-516,,,AB04-516,,,AB04-516,,,AB04-516,,,AB04-516,,,AB04-516,,
,CSE234(60_PC-D),SAK,,CSE234(60_PC-D),SAK,,CSE234(60_PC-D),SAK,,CSE422(55_PC-K),MSRM,,CSE422(55_PC-K),MSRM,,CSE422(55_PC-K),MSRM,,CSE114(64_D),ZA,,CSE114(64_D),ZA,,CSE114(64_D),ZA
(COM LAB),,,(COM LAB),,,(COM LAB),,,(COM LAB),,,(COM LAB),,,(COM LAB),,,(COM LAB),,,(COM LAB),,,(COM LAB),,
AB04-517(A1),,,AB04-517(A1),,,AB04-517(A1),,,AB04-517(A1),,,AB04-517(A1),,,AB04-517(A1),,,AB04-517(A1),,,AB04-517(A1),,,AB04-517(A1),,
(COM LAB),,,(COM LAB),,,(COM LAB),,,(COM LAB),,,(COM LAB),,,(COM LAB),,,(COM LAB),,,(COM LAB),,,(COM LAB),,
AB04-517(A2),,,AB04-517(A2),,,AB04-517(A2),,,AB04-517(A2),,,AB04-517(A2),,,AB04-517(A2),,,AB04-517(A2),,,AB04-517(A2),,,AB04-517(A2),,
(COM LAB),,,(COM LAB),,,(COM LAB),,,(COM LAB),,,(COM LAB),,,(COM LAB),,,(COM LAB),,,(COM LAB),,,(COM LAB),,
AB04-517(B1),,,AB04-517(B1),,,AB04-517(B1),,,AB04-517(B1),,,AB04-517(B1),,,AB04-517(B1),,,AB04-517(B1),,,AB04-517(B1),,,AB04-517(B1),,
(COM LAB),,,(COM LAB),,,(COM LAB),,,(COM LAB),,,(COM LAB),,,(COM LAB),,,(COM LAB),,,(COM LAB),,,(COM LAB),,
AB04-517(B2),,,AB04-517(B2),,,AB04-517(B2),,,AB04-517(B2),,,AB04-517(B2),,,AB04-517(B2),,,AB04-517(B2),,,AB04-517(B2),,,AB04-517(B2),,
(COM LAB),,,(COM LAB),,,(COM LAB),,,(COM LAB),,,(COM LAB),,,(COM LAB),,,(COM LAB),,,(COM LAB),,,(COM LAB),,
AB04-518,,,AB04-518,,,AB04-518,,,AB04-518,,,AB04-518,,,AB04-518,,,AB04-518,,,AB04-518,,,AB04-518,,
,CSE215(60_PC-B),FTJ,,CSE215(60_PC-B),FTJ,,CSE215(60_PC-B),FTJ,,CSE335(56_C2),FHE,,CSE335(56_C2),FHE,,CSE335(56_C2),FHE,,CSE422(55_I),MNH,,CSE422(55_I),MNH,,CSE422(55_I),MNH
(COM LAB),,,(COM LAB),,,(COM LAB),,,(COM LAB),,,(COM LAB),,,(COM LAB),,,(COM LAB),,,(COM LAB),,,(COM LAB),,
AB04-811,,,AB04-811,,,AB04-811,,,AB04-811,,,AB04-811,,,AB04-811,,,AB04-811,,,AB04-811,,,AB04-811,,
,,,,,,,,,,CSE312(59_PC-C),FKM,,CSE312(59_PC-C),FKM,,CSE312(59_PC-C),FKM,,,,,,,,,
(COM LAB),,,(COM LAB),,,(COM LAB),,,(COM LAB),,,(COM LAB),,,(COM LAB),,,(COM LAB),,,(COM LAB),,,(COM LAB),,
AB04-812,,,AB04-812,,,AB04-812,,,AB04-812,,,AB04-812,,,AB04-812,,,AB04-812,,,AB04-812,,,AB04-812,,
,,,,,,,,,,CSE422(56_C1),MNH,,CSE422(56_C1),MNH,,CSE422(56_C1),MNH,,,,,,,,,
(COM LAB),,,(COM LAB),,,(COM LAB),,,(COM LAB),,,(COM LAB),,,(COM LAB),,,(COM LAB),,,(COM LAB),,,(COM LAB),,
AB04-813(A),,,AB04-813(A),,,AB04-813(A),,,AB04-813(A),,,AB04-813(A),,,AB04-813(A),,,AB04-813(A),,,AB04-813(A),,,AB04-813(A),,
,,,,,,,,,,CSE232(59_A),PDS,,CSE232(59_A),PDS,,CSE232(59_A),PDS,,,,,,,,,
(COM LAB),,,(COM LAB),,,(COM LAB),,,(COM LAB),,,(COM LAB),,,(COM LAB),,,(COM LAB),,,(COM LAB),,,(COM LAB),,
AB04-814,,,AB04-814,,,AB04-814,,,AB04-814,,,AB04-814,,,AB04-814,,,AB04-814,,,AB04-814,,,AB04-814,,
,,,,,,,,,,CSE422(55_H),TRA,,CSE422(55_H),TRA,,CSE422(55_H),TRA,,,,,,,,,
(COM LAB),,,(COM LAB),,,(COM LAB),,,(COM LAB),,,(COM LAB),,,(COM LAB),,,(COM LAB),,,(COM LAB),,,(COM LAB),,
AB02-301,,,AB02-301,,,AB02-301,,,AB02-301,,,AB02-301,,,AB02-301,,,AB02-301,,,AB02-301,,,AB02-301,,
(PHY LAB),,,(PHY LAB),,,(PHY LAB),,,(PHY LAB),,,(PHY LAB),,,(PHY LAB),,,(PHY LAB),,,(PHY LAB),,,(PHY LAB),,
AB02-302,,,AB02-302,,,AB02-302,,,AB02-302,,,AB02-302,,,AB02-302,,,AB02-302,,,AB02-302,,,AB02-302,,
(PHY LAB),,,(PHY LAB),,,(PHY LAB),,,(PHY LAB),,,(PHY LAB),,,(PHY LAB),,,(PHY LAB),,,(PHY LAB),,,(PHY LAB),,
AB04-815,,,AB04-815,,,AB04-815,,,AB04-815,,,AB04-815,,,AB04-815,,,AB04-815,,,AB04-815,,,AB04-815,,
(PHY LAB),,,(PHY LAB),,,(PHY LAB),,,(PHY LAB),,,(PHY LAB),,,(PHY LAB),,,(PHY LAB),,,(PHY LAB),,,(PHY LAB),,
AB04-816,,,AB04-816,,,AB04-816,,,AB04-816,,,AB04-816,,,AB04-816,,,AB04-816,,,AB04-816,,,AB04-816,,
(PHY LAB),,,(PHY LAB),,,(PHY LAB),,,(PHY LAB),,,(PHY LAB),,,(PHY LAB),,,(PHY LAB),,,(PHY LAB),,,(PHY LAB),,
AB04-201,,,AB04-201,,,AB04-201,CSE414(56_A),MAMR,AB04-201,GED216(61_E),RB,AB04-201,GED216(61_W),MKS,AB04-201,CSE214(61_W),NIB,AB04-201,MAT211(61_W),MR,AB04-201,,,AB04-201,,
AB04-208,,,AB04-208,MAT101(64_G),MSA*,AB04-208,GED131(63_Q),SA,AB04-208,CSE131(63_E),FNK,AB04-208,CSE237(59_B),RHK,AB04-208,MAT101(64_F),MPL,AB04-208,,,AB04-208,,,AB04-208,,
AB04-213,CSE225(61_G),IN,AB04-213,CSE212(61_G),SMC,AB04-213,GED216(61_G),NHA,AB04-213,CSE212(61_V),SCH,AB04-213,CSE212(61_Q),MJZ,AB04-213,CSE225(61_I),IN,AB04-213,GED216(61_I),NHA,AB04-213,CSE214(61_I),FHE,AB04-213,,
AB04-216,,,AB04-216,,,AB04-216,CSE225(61_H),IN,AB04-216,CSE212(61_H),SMC,AB04-216,GED216(61_H),NHA,AB04-216,GED216(61_N),AAM*,AB04-216,MAT211(61_N),SD,AB04-216,CSE225(61_N),UA,AB04-216,,
AB04-217,CSE212(61_M),NAA,AB04-217,CSE214(61_M),HJ,AB04-217,GED216(61_M),AAM*,AB04-217,GED216(61_Q),AI,AB04-217,ENG101(64_N),MH,AB04-217,STA221(60_PC-D),AST,AB04-217,CSE112(64_N),TI,AB04-217,CSE115(64_N),MMH,AB04-217,,
AB04-218,,,AB04-218,MAT101(64_P),MMH*,AB04-218,CSE113(64_P),KD,AB04-218,CSE115(64_P),MMH,AB04-218,CSE112(64_O),TI,AB04-218,CSE115(64_O),MMH,AB04-218,PHY101(64_O),MYA,AB04-218,,,AB04-218,,
AB04-219,,,AB04-219,CSE112(64_R),AAKA,AB04-219,PHY101(64_R),MMS,AB04-219,MAT101(64_R),MMH*,AB04-219,CSE113(64_R),KD,AB04-219,CSE225(61_Z),SH,AB04-219,CSE225(61_Q),MDSH,AB04-219,,,AB04-219,,
AB04-220,GED131(63_H),NT,AB04-220,CSE131(63_H),MHM,AB04-220,CSE214(61_V),NIB,AB04-220,GED216(61_O),AAM*,AB04-220,MAT211(61_O),SD,AB04-220,CSE225(61_O),UA,AB04-220,,,AB04-220,,,AB04-220,,
AB04-221,CSE214(61_U),NIB,AB04-221,MAT211(61_U),MR,AB04-221,GED216(61_U),MKS,AB04-221,MAT121(63_K),SS*,AB04-221,CSE112(64_T),MMF,AB04-221,MAT101(64_T),MMH*,AB04-221,CSE225(60_PC-D),MHS,AB04-221,,,AB04-221,,
AB04-222,,,AB04-222,GED216(61_P),AI,AB04-222,CSE132(63_G),MSHN,AB04-222,CSE225(61_P),UA,AB04-222,GED131(63_I),NT,AB04-222,ENG123(63_I),MA*,AB04-222,CSE131(63_I),MHM,AB04-222,,,AB04-222,,
AB04-223,GED216(61_R),AI,AB04-223,MAT211(61_R),SD,AB04-223,MAT121(63_E),SP,AB04-223,ENG123(63_H),MA*,AB04-223,CSE132(63_H),TH,AB04-223,MAT121(63_H),SS*,AB04-223,ENG101(64_B),KN,AB04-223,,,AB04-223,,
AB04-224,,,AB04-224,MAT121(63_S),MSH,AB04-224,CSE225(61_R),GR,AB04-224,CSE214(61_R),ZZ,AB04-224,CSE131(63_D),AAKN,AB04-224,MAT121(63_D),SP,AB04-224,,,AB04-224,,,AB04-224,,
AB04-302,CSE414(55_A),SNA,AB04-302,CSE421(55_A),NNM,AB04-302,CSE423(55_A),LR,AB04-302,CSE421(55_B),NNM,AB04-302,CSE423(55_B),LR,AB04-302,MAT211(61_V),MR,AB04-302,GED216(61_V),MKS,AB04-302,,,AB04-302,,
AB04-303,ECO321(58_B),MSB,AB04-303,CSE323(58_B),SL,AB04-303,CSE131(63_S),TT,AB04-303,CSE411(55_I),THT,AB04-303,CSE331(57_B),TT,AB04-303,CSE214(61_S),ZZ,AB04-303,GED216(61_S),AI,AB04-303,,,AB04-303,,
AB04-304,,,AB04-304,CSE411(55_B),SZ,AB04-304,CSE414(55_B),SNA,AB04-304,CSE115(64_A),FI,AB04-304,ENG101(64_D),KN,AB04-304,CSE132(63_C),MAH,AB04-304,MAT121(63_C),SP,AB04-304,GED131(63_C),SCH,AB04-304,,
AB04-305,MAT101(64_C),MPL,AB04-305,MAT101(64_A),MPL,AB04-305,CSE113(64_A),SRH,AB04-305,CSE113(64_C),SRH,AB04-305,CSE214(60_PC-B),SI,AB04-305,CSE113(64_B),SRH,AB04-305,CSE113(64_F),SI,AB04-305,,,AB04-305,,
AB04-306,CSE124(63_Q),MRI,AB04-306,CSE131(63_Q),TT,AB04-306,CSE411(55_PC-K),CAA,AB04-306,MAT101(64_B),MPL,AB04-306,CSE414(55_I),CAA,AB04-306,CSE226(60_PC-G),NB,AB04-306,STA221(60_PC-G),AST,AB04-306,CSE233(60_PC-G),NJR,AB04-306,CSE235(60_PC-G),SH
AB04-307,,,AB04-307,CSE423(55_C),LR,AB04-307,CSE113(64_G),SI,AB04-307,CSE411(55_C),SZ,AB04-307,CSE414(55_C),SNA,AB04-307,CSE421(55_C),NNM,AB04-307,ENG101(64_S),MRU,AB04-307,MAT101(64_S),MMH*,AB04-307,,
AB04-318(A),CSE134(63_G),AAK,AB04-318(A),ENG123(63_G),MA*,AB04-318(A),CSE323(58_PC-B),SL,AB04-318(A),CSE333(56_PC-B),NS,AB04-318(A),CSE333(56_A),NS,AB04-318(A),CSE427(54_PC-B),NS,AB04-318(A),CSE426(54_PC-B),MHK,AB04-318(A),,,AB04-318(A),,
AB04-318(B),,,AB04-318(B),CSE311(59_PC-A),FKM,AB04-318(B),CSE237(59_PC-A),ZS,AB04-318(B),CSE334(56_A),MHD,AB04-318(B),CSE313(59_PC-A),RAH,AB04-318(B),CSE233(59_PC-A),SZ,AB04-318(B),CSE236(59_PC-A),TA,AB04-318(B),CSE414(55_PC-K),NK,AB04-318(B),CSE236(59_PC-C),TA
AB04-320,,,AB04-320,,,AB04-320,CSE131(63_C),AAKN,AB04-320,ENG123(63_C),SML,AB04-320,CSE214(60_PC-D),FTJ,AB04-320,PHY101(64_S),MMS,AB04-320,CSE225(61_Y),SH,AB04-320,,,AB04-320,,
,,,,,,,,,,,,,,,,CSE124(63_R)+CSE124,,,,,,,,,,
AB04-801,,,AB04-801,,,AB04-801,CSE214(61_E),MFHN,AB04-801,CSE113(64_O),MUR,AB04-801,CSE423(55_PC-H),MSHN,AB04-801,,MRI,AB04-801,GED216(61_C),RB,AB04-801,,,AB04-801,,
,,,,,,,,,,,,,,,,(63_S),,,,,,,,,,
AB04-802,,,AB04-802,,,AB04-802,CSE237(59_A),MHM,AB04-802,CSE235(59_B),MIS,AB04-802,GED131(62_I),SAA,AB04-802,CSE134(62_I),FA-C,AB04-802,CSE411(55_PC-I),CAA,AB04-802,CSE315(58_PC-C),MAHN,AB04-802,CSE313(58_PC-C),TI
AB04-803,CSE236(59_A),SCH,AB04-803,,,AB04-803,GED216(61_B),RB,AB04-803,STA221(60_PC-A),DMKH,AB04-803,GED131(63_S),SAA,AB04-803,CSE414(55_PC-I),NK,AB04-803,CSE236(59_PC-B),TA,AB04-803,CSE423(55_PC-I),MSHN,AB04-803,CSE421(55_PC-I),MSRM
AB04-804,CSE132(62_F),MHHN,AB04-804,CSE212(62_F),MNI,AB04-804,CSE134(62_F),LI,AB04-804,CSE124(63_O),MRI,AB04-804,GED131(62_F),MSH*,AB04-804,MAT211(62_F),MSH,AB04-804,,,AB04-804,CSE231(59_PC-C),PDS,AB04-804,,
AB04-813(B),CSE132(62_H),TR,AB04-813(B),CSE411(55_H),THT,AB04-813(B),GED131(63_K),NT,AB04-813(B),MAT121(63_R),MSH,AB04-813(B),CSE132(63_R),MHK,AB04-813(B),CSE231(59_PC-B),GR,AB04-813(B),GED131(63_R),SA,AB04-813(B),,,AB04-813(B),,
AB04-1404,,,AB04-1404,,,AB04-1404,MAT211(61_P),SD,AB04-1404,,,AB04-1404,ENG101(64_P),MRU,AB04-1404,,,AB04-1404,,,AB04-1404,,,AB04-1404,,
,,,,,,,,,,,"Lab (Electrical Circuit, Digital Electronics, Electronic Devices, and Circuits Lab)",,,,,,,,,,,,,,,
,08:30-09:30,,,09:30-10:30,,,10:30-11:30,,,11.30-12:30,,,12:30-01:30,,,01:30-02:30,,,02:30-03:30,,,03:30-04:30,,,04:30-05:30,
AB04-809,CSE133(62_E),DBZ,AB04-809,CSE133(62_E),DBZ,AB04-809,CSE133(62_H),TR,AB04-809,CSE133(62_H),TR,AB04-809,CSE133(62_J),MAMR,AB04-809,CSE133(62_J),MAMR,AB04-809,CSE133(63_E),MSS,AB04-809,CSE133(63_E),MSS,AB04-809,,
AB04-810,CSE213(62_I),ZAS,AB04-810,CSE213(62_I),ZAS,AB04-810,CSE213(62_I),ZAS,AB04-810,CSE213(62_E),MNI,AB04-810,CSE213(62_E),MNI,AB04-810,CSE213(62_E),MNI,AB04-810,,,AB04-810,CSE133(63_I),TH,AB04-810,CSE133(63_I),TH
AB03-103,CSE213(61_S),MJZ,AB03-103,CSE213(61_S),MJZ,AB03-103,CSE213(61_S),MJZ,AB03-103,CSE213(61_Y),KMSI,AB03-103,CSE213(61_Y),KMSI,AB03-103,CSE213(61_Y),KMSI,AB03-103,CSE213(61_Z),KMSI,AB03-103,CSE213(61_Z),KMSI,AB03-103,CSE213(61_Z),KMSI
EC-106,CSE133(63_O),MNF,EC-106,CSE133(63_O),MNF,EC-106,CSE133(63_D),MAH,EC-106,CSE133(63_D),MAH,EC-106,CSE133(63_Q),MHHN,EC-106,CSE133(63_Q),MHHN,EC-106,CSE213(61_E),SMC,EC-106,CSE213(61_E),SMC,EC-106,CSE213(61_E),SMC
,,,,,,,,,,"In case of any routine-related queries, please contact CSE Office.",,,,,,,,,,,,,,,,
,,,,Md. Aynul Hasan Nahid,,,,,,,,Professor Dr. Sheak Rashed Haider Noori,,,,,,,,,,Professor Dr. Touhid Bhuiyan,,,,
,,,"Lecturer & Convener, Class Routine Committee, CSE",,,,,,,,,"Associate Head, Department of CSE",,,,,,,,,,"Head, Deparment of CSE",,,,
Md. Aynul Hasan Nahid,Professor Dr. Sheak Rashed Haider Noori,Professor Dr. Touhid Bhuiyan
"Lecturer & Convener, Class Routine Committee, CSE","Associate Head, Department of CSE","Head, Deparment of CSE"
"Md. Fokhray Hossain (MFH), Touhid Bhuiyan (DTB), Mohammad Ismail Jabiullah (MIJ), Sheak Rashed Haider Noori (SRH), Monzur Morshed (MM), Mohammad Shamsul Arefin (MSA), S M Aminul Haque (SMAH), Zahid Hasan (ZH), Nazmun Nessa Moon (NNM), Fizar Ahmed (FZA), Md. Atiqur Rahman (ATR), Md Taimur Ahad (MTA), Naznin Sultana (NS), Narayan Ranjan Chakraborty (NRC), Arif Mahmud (AM), Subhenur Latif (SL), Md. Sadekur Rahman (SR), Fahad Faisal (FF), Abdus Sattar (AS), Shah Md.Tanvir Siddiquee",,
"(SMTS), Moushumi Zaman Bonny (MZB), Fourcan Karim Mazumder (FKM), Raja Tariqul Islam (THT), Md. Abbas Ali Khan (AAK), Tania Khatun (TK), Sazzadur Ahamed (SZ), Faisal Imran (FI), Saiful Islam (SI), Taslima Ferdous Shuva (TFS), Mohammad Monirul Islam (MMI), Amatul Bushra Akhi (ABA), Sharmin Akter (SNA), Dewan Mamun Raza (DMR), Fatema Tuj Johora (FTJ), Shayla Sharmin (SS), Md. Sabab Zulfiker (MSZ), Amit Chakraborty Chhoton (ACC), Mushfiqur Rahman (MUR), Md. Hafizul Imran (MHI), Tapasy",,
"Rabeya (TRA), Aliza Ahmed Khan (AAKN), Zerin Nasrin Tumpa (ZNT), Mohammad Jahangir Alam (MJA), Refath Ara Hossain (RAH), Firoz Hasan (FH), Md. Aynul Hasan Nahid (AHN), Nishat Sultana (NIS), Itisha Nowrin (IN), Lamia Rukhsara (LR), Israt Jahan (IJN), Zakia Sultana (ZS), Fahmida Hossain (FHN), Sharun Akter Khushbu (SAK), Abu Kaisar Mohammad Masum (KMM), Md. Assaduzzaman (MA), Amir Sohel (ARS), Md. Zabirul Islam (MZI), Fabliha Haque (FHE), Nahid Hasan (NH), Md. Ferdouse Ahmed Foysal (FAF),",,
"Johora Akter Polin (JAP), Afjal Hossan Sarower (AHS), Chowdhury Abida Anjum Era (CAA), Md. Mafiul Hasan Matin (MHM), Tanim Ahmed (TA), Krishno Dey (KD), Abdullah Al Mamun (AAM), Partha Dip Sarkar (PDS), Md. Moynul Hossain (MMH), Nushrat Jahan Ria (NJR), Md. Mahedi Hassan (MHS), Tasnim Tabassum (TT), Faria Nishat Khan (FNK), Mahimul Islam Nadim (MIN), Md Umaid Hasan (MUH), Mayen Uddin Mojumdar (MUM), Golam Rabbany (GR), Zahura Zaman (ZZ), Nasima Islam Bithi (NIB), Md. Ashraful",,
"Islam Talukder (MAIT), MD. Hasanuzzaman Dipu (MHD), Md. Ali Hossain (MAH), Shahadat Hossain (SH), Dristi Saha (DS), Zannatul Mawa Koli (ZMK), Md. Monarul Islam (MIS), Tanvirul Islam (TI), Md. Nahid Hasan (MNH), Sultan Mahmud (SM), Rahmatul Kabir Rasel Sarker (RKR), Nusrat Khan (NK), Md Atik Asif Khan Akash (AAKA), Md. Mubtasim Fuad (MMF), Mohammad Asifur Rahim (MSRM), Md. Mizanur Rahman (MMRN), Umme Ayman (UA), Md. Shakhawath Hossain (MSHN), Umme Habiba (UH), Munira Ferdous",,
"(MNF), Md. Tazmim Hossain (TH), K. M. Shahriar Islam (KMSI), Lameya Islam (LI), Hasnur Jahan (HJ), Md. Jakaria Zobair (MJZ), Sinthia Chowdhury (SCH), Farjana Akhter (FA-C), Shahriar Shakil (MSS), Abu Sufian (ASN), Md. Arid Hasan (MAHN), Md. Shovon (MDSH), Md. Fahad Hossain (MFHN), Md. Hasan Imam Bijoy (MHIM), Onamika Islam (OI), Mosharraf Hossain Khan (MHK), Md. Nazmul Islam (MNI), Zarin Anjuman Sehuti (ZAS), Mst. Mostary Begum (MB), Sakib Mahmood Chowdhury (SMC), Nasrin Akter (NAA),",,
"Takowa Rahman (TR), Zakia Akter (ZA), Dewan Ashiquzzaman Almas (DAA), Md. Asif Mahmud Ridoy (MAMR), Md. Maynul Islam (MMIM), Mehedi Hasan (MHHN), Dara Bin Zaid (DBZ), Nusrat Nabi (NB), Meherunnesa Tania (MT), Tasmiah Rahman (TRN), Md. Rafidul Hasan Khan (RHK), Tanveer Hasan (THN), Umme Sanzida Afroz (USA), Mostak Ahmad (MKA), Tanvir Rahman (TRR), Md. Rezwanul Islam (MRI), Md Ziaul Haque Zim (ZHZ), Khairun Nahar (KN), Afsana Jerin Shayary (AJS), Mahmudul Hasan (MH), Nahida",,
"Akter Poly (NAP), Md. Rafiz Uddin (MRU), Afroza Akter (AA), Shipra Mondal (SML), Mahinur Akther (MA*), Razia Sultana (RS), Zannatul Ferdous (ZF), Dr. Bimal Chandra Das (BCD), Mohammad Salek Parvez (SP), Masuma Parvin (MPL), Mohammad Abdul Halim (MAH*), Protima Dash (PD), Dr. Md. Kamrul Hossain (DMKH), Atia Sanjida Talukder (AST), Shirin Sultana (SS*), Mst. Sharmin Akter (MSA*), Khadijatul Kobra (KK), Md. Shakib Hossain (MSH), Farzana Afrin Mim (FAM), Sujoy Devnath (SD), Md. Mizanur Rahman",,
"(MR), Md. Mozammelul Haque (MMH*), Md. Hasibur Rahaman Peash (HRP), Dr. Sk. Abdul Kader Arafin (AKA), Mohammed Riaz Rahman Munna (MRRM), Shahina Haque (SHA), Md. Yousuf Ali (MYA), Md. Masum Sarker (MMS), Nishat Tasnim (NT), Md. Abedullah (MMA), Dr. Md.Samaun Hasan (MSH*), Shakil Ahmed (SA), Sumaia Akhter (SAA), Abu Shahed Shah Md Nazmul Arefin (ASNA), Munmun Shabnam Bipasha (MSB), Sayeda Maria Rahman (SMR), Rokunuzzaman Biswas (RB), Nazmul Huda Azad (NHA),",,
"Abdullah Al Mahmud (AAM*), Md. Al Imran (AI), Md. Khaled Sifullah (MKS), Sonia Akter (SAR)",,
